{
"type": "FeatureCollection",
"name": "stations",
"features": [
{ "type": "Feature", "properties": { "initial_station_name": "21 - Parque do Povo portão 1", "initial_station_latitude": -23.589044416730701, "initial_station_longitude": -46.6882179128703, "departures": 1559.0, "final_station_name": "21 - Parque do Povo portão 1", "arrivals": 1873.0, "total": 3432.0 }, "geometry": { "type": "Point", "coordinates": [ -46.6882179128703, -23.589044416730701 ] } },
{ "type": "Feature", "properties": { "initial_station_name": "83 - Augusta", "initial_station_latitude": -23.562835912552998, "initial_station_longitude": -46.664911591623202, "departures": 305.0, "final_station_name": "83 - Augusta", "arrivals": 302.0, "total": 607.0 }, "geometry": { "type": "Point", "coordinates": [ -46.664911591623202, -23.562835912552998 ] } },
{ "type": "Feature", "properties": { "initial_station_name": "86 - Shopping Center 3", "initial_station_latitude": -23.558425006257799, "initial_station_longitude": -46.659609825983999, "departures": 2381.0, "final_station_name": "86 - Shopping Center 3", "arrivals": 1576.0, "total": 3957.0 }, "geometry": { "type": "Point", "coordinates": [ -46.659609825983999, -23.558425006257799 ] } },
{ "type": "Feature", "properties": { "initial_station_name": "90 - Alameda Campinas", "initial_station_latitude": -23.564572874977099, "initial_station_longitude": -46.652389840674701, "departures": 1764.0, "final_station_name": "90 - Alameda Campinas", "arrivals": 1163.0, "total": 2927.0 }, "geometry": { "type": "Point", "coordinates": [ -46.652389840674701, -23.564572874977099 ] } },
{ "type": "Feature", "properties": { "initial_station_name": "100 - Itaú Cultural", "initial_station_latitude": -23.61419, "initial_station_longitude": -46.63972, "departures": 637.0, "final_station_name": "100 - Itaú Cultural", "arrivals": 503.0, "total": 1140.0 }, "geometry": { "type": "Point", "coordinates": [ -46.63972, -23.61419 ] } },
{ "type": "Feature", "properties": { "initial_station_name": "103 - Rua Hans Oersted", "initial_station_latitude": -23.6089863999008, "initial_station_longitude": -46.694476936113297, "departures": 223.0, "final_station_name": "103 - Rua Hans Oersted", "arrivals": 232.0, "total": 455.0 }, "geometry": { "type": "Point", "coordinates": [ -46.694476936113297, -23.6089863999008 ] } },
{ "type": "Feature", "properties": { "initial_station_name": "131 - Ibirapuera Portão 06", "initial_station_latitude": -23.593457400914399, "initial_station_longitude": -46.659362734414003, "departures": 1517.0, "final_station_name": "131 - Ibirapuera Portão 06", "arrivals": 1670.0, "total": 3187.0 }, "geometry": { "type": "Point", "coordinates": [ -46.659362734414003, -23.593457400914399 ] } },
{ "type": "Feature", "properties": { "initial_station_name": "140 - JK Iguatemi", "initial_station_latitude": -23.590748349533001, "initial_station_longitude": -46.688863187991998, "departures": 993.0, "final_station_name": "140 - JK Iguatemi", "arrivals": 1290.0, "total": 2283.0 }, "geometry": { "type": "Point", "coordinates": [ -46.688863187991998, -23.590748349533001 ] } },
{ "type": "Feature", "properties": { "initial_station_name": "165 - Cemitério Consolação", "initial_station_latitude": -23.552048165585902, "initial_station_longitude": -46.656801541780403, "departures": 289.0, "final_station_name": "165 - Cemitério Consolação", "arrivals": 279.0, "total": 568.0 }, "geometry": { "type": "Point", "coordinates": [ -46.656801541780403, -23.552048165585902 ] } },
{ "type": "Feature", "properties": { "initial_station_name": "175 - R. Luis Coelho", "initial_station_latitude": -23.5579898497291, "initial_station_longitude": -46.657987760066298, "departures": 699.0, "final_station_name": "175 - R. Luis Coelho", "arrivals": 459.0, "total": 1158.0 }, "geometry": { "type": "Point", "coordinates": [ -46.657987760066298, -23.5579898497291 ] } },
{ "type": "Feature", "properties": { "initial_station_name": "319 - Metrô Moema", "initial_station_latitude": -23.6037621017182, "initial_station_longitude": -46.661684789896199, "departures": 1732.0, "final_station_name": "319 - Metrô Moema", "arrivals": 1312.0, "total": 3044.0 }, "geometry": { "type": "Point", "coordinates": [ -46.661684789896199, -23.6037621017182 ] } },
{ "type": "Feature", "properties": { "initial_station_name": "336 - Flórida 1020", "initial_station_latitude": -23.6110922047536, "initial_station_longitude": -46.688911735841302, "departures": 316.0, "final_station_name": "336 - Flórida 1020", "arrivals": 322.0, "total": 638.0 }, "geometry": { "type": "Point", "coordinates": [ -46.688911735841302, -23.6110922047536 ] } },
{ "type": "Feature", "properties": { "initial_station_name": "359 - CENU", "initial_station_latitude": -23.609979837404602, "initial_station_longitude": -46.696411840410001, "departures": 113.0, "final_station_name": "359 - CENU", "arrivals": 87.0, "total": 200.0 }, "geometry": { "type": "Point", "coordinates": [ -46.696411840410001, -23.609979837404602 ] } },
{ "type": "Feature", "properties": { "initial_station_name": "320 - Av. Jandira", "initial_station_latitude": -23.6064909, "initial_station_longitude": -46.663251, "departures": 472.0, "final_station_name": "320 - Av. Jandira", "arrivals": 463.0, "total": 935.0 }, "geometry": { "type": "Point", "coordinates": [ -46.663251, -23.6064909 ] } },
{ "type": "Feature", "properties": { "initial_station_name": "156 - Praça Dom Orione", "initial_station_latitude": -23.5598936, "initial_station_longitude": -46.6453622, "departures": 349.0, "final_station_name": "156 - Praça Dom Orione", "arrivals": 311.0, "total": 660.0 }, "geometry": { "type": "Point", "coordinates": [ -46.6453622, -23.5598936 ] } },
{ "type": "Feature", "properties": { "initial_station_name": "2 - SESC Pinheiros", "initial_station_latitude": -23.56692, "initial_station_longitude": -46.69819, "departures": 300.0, "final_station_name": "2 - SESC Pinheiros", "arrivals": 346.0, "total": 646.0 }, "geometry": { "type": "Point", "coordinates": [ -46.69819, -23.56692 ] } },
{ "type": "Feature", "properties": { "initial_station_name": "81 - Sesc Pompéia", "initial_station_latitude": -23.5252011996403, "initial_station_longitude": -46.683935891494798, "departures": 303.0, "final_station_name": "81 - Sesc Pompéia", "arrivals": 356.0, "total": 659.0 }, "geometry": { "type": "Point", "coordinates": [ -46.683935891494798, -23.5252011996403 ] } },
{ "type": "Feature", "properties": { "initial_station_name": "142 - Minhocão", "initial_station_latitude": -23.531743061497401, "initial_station_longitude": -46.659186785977603, "departures": 443.0, "final_station_name": "142 - Minhocão", "arrivals": 492.0, "total": 935.0 }, "geometry": { "type": "Point", "coordinates": [ -46.659186785977603, -23.531743061497401 ] } },
{ "type": "Feature", "properties": { "initial_station_name": "66 - Metrô Barra Funda", "initial_station_latitude": -23.5268792944008, "initial_station_longitude": -46.667005697177203, "departures": 258.0, "final_station_name": "66 - Metrô Barra Funda", "arrivals": 338.0, "total": 596.0 }, "geometry": { "type": "Point", "coordinates": [ -46.667005697177203, -23.5268792944008 ] } },
{ "type": "Feature", "properties": { "initial_station_name": "159 - Metrô São Joaquim", "initial_station_latitude": -23.56281, "initial_station_longitude": -46.6382, "departures": 695.0, "final_station_name": "159 - Metrô São Joaquim", "arrivals": 709.0, "total": 1404.0 }, "geometry": { "type": "Point", "coordinates": [ -46.6382, -23.56281 ] } },
{ "type": "Feature", "properties": { "initial_station_name": "24 - Rua Funchal", "initial_station_latitude": -23.592664613951701, "initial_station_longitude": -46.688057417245503, "departures": 867.0, "final_station_name": "24 - Rua Funchal", "arrivals": 837.0, "total": 1704.0 }, "geometry": { "type": "Point", "coordinates": [ -46.688057417245503, -23.592664613951701 ] } },
{ "type": "Feature", "properties": { "initial_station_name": "92 - Metrô Brigadeiro", "initial_station_latitude": -23.568105912219099, "initial_station_longitude": -46.648674352350596, "departures": 1755.0, "final_station_name": "92 - Metrô Brigadeiro", "arrivals": 732.0, "total": 2487.0 }, "geometry": { "type": "Point", "coordinates": [ -46.648674352350596, -23.568105912219099 ] } },
{ "type": "Feature", "properties": { "initial_station_name": "146 - Ibirapuera portão 03", "initial_station_latitude": -23.589043093880601, "initial_station_longitude": -46.652786820129101, "departures": 1562.0, "final_station_name": "146 - Ibirapuera portão 03", "arrivals": 1897.0, "total": 3459.0 }, "geometry": { "type": "Point", "coordinates": [ -46.652786820129101, -23.589043093880601 ] } },
{ "type": "Feature", "properties": { "initial_station_name": "206 - Alameda Tietê", "initial_station_latitude": -23.5603886, "initial_station_longitude": -46.6676209, "departures": 158.0, "final_station_name": "206 - Alameda Tietê", "arrivals": 103.0, "total": 261.0 }, "geometry": { "type": "Point", "coordinates": [ -46.6676209, -23.5603886 ] } },
{ "type": "Feature", "properties": { "initial_station_name": "334 - R. Pe. Antônio", "initial_station_latitude": -23.6129704331121, "initial_station_longitude": -46.683206838987402, "departures": 377.0, "final_station_name": "334 - R. Pe. Antônio", "arrivals": 395.0, "total": 772.0 }, "geometry": { "type": "Point", "coordinates": [ -46.683206838987402, -23.6129704331121 ] } },
{ "type": "Feature", "properties": { "initial_station_name": "344 - ROCHAVERÁ", "initial_station_latitude": -23.62231, "initial_station_longitude": -46.700463, "departures": 476.0, "final_station_name": "344 - ROCHAVERÁ", "arrivals": 531.0, "total": 1007.0 }, "geometry": { "type": "Point", "coordinates": [ -46.700463, -23.62231 ] } },
{ "type": "Feature", "properties": { "initial_station_name": "264 - Parque Villa Lobos Portão 2", "initial_station_latitude": -23.543501591493602, "initial_station_longitude": -46.725693740496702, "departures": 1916.0, "final_station_name": "264 - Parque Villa Lobos Portão 2", "arrivals": 1887.0, "total": 3803.0 }, "geometry": { "type": "Point", "coordinates": [ -46.725693740496702, -23.543501591493602 ] } },
{ "type": "Feature", "properties": { "initial_station_name": "82 - Palestra Itália", "initial_station_latitude": -23.5295509375709, "initial_station_longitude": -46.677624104745597, "departures": 496.0, "final_station_name": "82 - Palestra Itália", "arrivals": 578.0, "total": 1074.0 }, "geometry": { "type": "Point", "coordinates": [ -46.677624104745597, -23.5295509375709 ] } },
{ "type": "Feature", "properties": { "initial_station_name": "290 - Metrô Marechal Deodoro", "initial_station_latitude": -23.5337422, "initial_station_longitude": -46.657056, "departures": 476.0, "final_station_name": "290 - Metrô Marechal Deodoro", "arrivals": 564.0, "total": 1040.0 }, "geometry": { "type": "Point", "coordinates": [ -46.657056, -23.5337422 ] } },
{ "type": "Feature", "properties": { "initial_station_name": "43 - Herois da FEB", "initial_station_latitude": -23.504350117429201, "initial_station_longitude": -46.628008712869203, "departures": 304.0, "final_station_name": "43 - Herois da FEB", "arrivals": 304.0, "total": 608.0 }, "geometry": { "type": "Point", "coordinates": [ -46.628008712869203, -23.504350117429201 ] } },
{ "type": "Feature", "properties": { "initial_station_name": "311 - Luis Góis", "initial_station_latitude": -23.6042263595434, "initial_station_longitude": -46.636995897511198, "departures": 420.0, "final_station_name": "311 - Luis Góis", "arrivals": 396.0, "total": 816.0 }, "geometry": { "type": "Point", "coordinates": [ -46.636995897511198, -23.6042263595434 ] } },
{ "type": "Feature", "properties": { "initial_station_name": "166 - Metrô Higienópolis Mackenzie", "initial_station_latitude": -23.5490344, "initial_station_longitude": -46.6516461, "departures": 237.0, "final_station_name": "166 - Metrô Higienópolis Mackenzie", "arrivals": 214.0, "total": 451.0 }, "geometry": { "type": "Point", "coordinates": [ -46.6516461, -23.5490344 ] } },
{ "type": "Feature", "properties": { "initial_station_name": "1 - Largo da Batata", "initial_station_latitude": -23.566830956414702, "initial_station_longitude": -46.693741202269401, "departures": 5841.0, "final_station_name": "1 - Largo da Batata", "arrivals": 4193.0, "total": 10034.0 }, "geometry": { "type": "Point", "coordinates": [ -46.693741202269401, -23.566830956414702 ] } },
{ "type": "Feature", "properties": { "initial_station_name": "85 - Praça do Ciclista", "initial_station_latitude": -23.555957986124199, "initial_station_longitude": -46.662665880842901, "departures": 2915.0, "final_station_name": "85 - Praça do Ciclista", "arrivals": 1458.0, "total": 4373.0 }, "geometry": { "type": "Point", "coordinates": [ -46.662665880842901, -23.555957986124199 ] } },
{ "type": "Feature", "properties": { "initial_station_name": "110 - Flórida 1670", "initial_station_latitude": -23.607357143675099, "initial_station_longitude": -46.694020769070299, "departures": 425.0, "final_station_name": "110 - Flórida 1670", "arrivals": 424.0, "total": 849.0 }, "geometry": { "type": "Point", "coordinates": [ -46.694020769070299, -23.607357143675099 ] } },
{ "type": "Feature", "properties": { "initial_station_name": "153 - Monsenhor Passaláqua", "initial_station_latitude": -23.5604966383472, "initial_station_longitude": -46.642265682596303, "departures": 397.0, "final_station_name": "153 - Monsenhor Passaláqua", "arrivals": 467.0, "total": 864.0 }, "geometry": { "type": "Point", "coordinates": [ -46.642265682596303, -23.5604966383472 ] } },
{ "type": "Feature", "properties": { "initial_station_name": "181 - Metrô Santa Cecília", "initial_station_latitude": -23.5398674287039, "initial_station_longitude": -46.649802218073802, "departures": 1258.0, "final_station_name": "181 - Metrô Santa Cecília", "arrivals": 1527.0, "total": 2785.0 }, "geometry": { "type": "Point", "coordinates": [ -46.649802218073802, -23.5398674287039 ] } },
{ "type": "Feature", "properties": { "initial_station_name": "193 - Praça Monte Castelo", "initial_station_latitude": -23.569908843225001, "initial_station_longitude": -46.708034352346502, "departures": 317.0, "final_station_name": "193 - Praça Monte Castelo", "arrivals": 484.0, "total": 801.0 }, "geometry": { "type": "Point", "coordinates": [ -46.708034352346502, -23.569908843225001 ] } },
{ "type": "Feature", "properties": { "initial_station_name": "241 - CPTM Cidade Universitária", "initial_station_latitude": -23.556796782959701, "initial_station_longitude": -46.710931235649198, "departures": 421.0, "final_station_name": "241 - CPTM Cidade Universitária", "arrivals": 436.0, "total": 857.0 }, "geometry": { "type": "Point", "coordinates": [ -46.710931235649198, -23.556796782959701 ] } },
{ "type": "Feature", "properties": { "initial_station_name": "243 - Bancos/Reitoria", "initial_station_latitude": -23.559927239451099, "initial_station_longitude": -46.727106173060001, "departures": 106.0, "final_station_name": "243 - Bancos/Reitoria", "arrivals": 117.0, "total": 223.0 }, "geometry": { "type": "Point", "coordinates": [ -46.727106173060001, -23.559927239451099 ] } },
{ "type": "Feature", "properties": { "initial_station_name": "237 - BNH Vila Madalena", "initial_station_latitude": -23.5544238, "initial_station_longitude": -46.6960044, "departures": 326.0, "final_station_name": "237 - BNH Vila Madalena", "arrivals": 294.0, "total": 620.0 }, "geometry": { "type": "Point", "coordinates": [ -46.6960044, -23.5544238 ] } },
{ "type": "Feature", "properties": { "initial_station_name": "46 - Pç Tenente Coronel Heleuses Nogueira", "initial_station_latitude": -23.503357629365201, "initial_station_longitude": -46.6348733614184, "departures": 223.0, "final_station_name": "46 - Pç Tenente Coronel Heleuses Nogueira", "arrivals": 224.0, "total": 447.0 }, "geometry": { "type": "Point", "coordinates": [ -46.6348733614184, -23.503357629365201 ] } },
{ "type": "Feature", "properties": { "initial_station_name": "91 - Paulista 778", "initial_station_latitude": -23.566249709129799, "initial_station_longitude": -46.650436382456597, "departures": 1103.0, "final_station_name": "91 - Paulista 778", "arrivals": 864.0, "total": 1967.0 }, "geometry": { "type": "Point", "coordinates": [ -46.650436382456597, -23.566249709129799 ] } },
{ "type": "Feature", "properties": { "initial_station_name": "93 - R. Carlos Sampaio", "initial_station_latitude": -23.566663117599401, "initial_station_longitude": -46.645407404894499, "departures": 267.0, "final_station_name": "93 - R. Carlos Sampaio", "arrivals": 213.0, "total": 480.0 }, "geometry": { "type": "Point", "coordinates": [ -46.645407404894499, -23.566663117599401 ] } },
{ "type": "Feature", "properties": { "initial_station_name": "112 - R. Lee de Forest", "initial_station_latitude": -23.6121427531147, "initial_station_longitude": -46.695741358225199, "departures": 307.0, "final_station_name": "112 - R. Lee de Forest", "arrivals": 362.0, "total": 669.0 }, "geometry": { "type": "Point", "coordinates": [ -46.695741358225199, -23.6121427531147 ] } },
{ "type": "Feature", "properties": { "initial_station_name": "141 - Praça Luis Carlos Paraná", "initial_station_latitude": -23.582709129563199, "initial_station_longitude": -46.683886860399497, "departures": 995.0, "final_station_name": "141 - Praça Luis Carlos Paraná", "arrivals": 1167.0, "total": 2162.0 }, "geometry": { "type": "Point", "coordinates": [ -46.683886860399497, -23.582709129563199 ] } },
{ "type": "Feature", "properties": { "initial_station_name": "145 - CPTM Berrini", "initial_station_latitude": -23.6049719308606, "initial_station_longitude": -46.696260188635399, "departures": 341.0, "final_station_name": "145 - CPTM Berrini", "arrivals": 302.0, "total": 643.0 }, "geometry": { "type": "Point", "coordinates": [ -46.696260188635399, -23.6049719308606 ] } },
{ "type": "Feature", "properties": { "initial_station_name": "204 - Consolação", "initial_station_latitude": -23.5575723, "initial_station_longitude": -46.6646225, "departures": 318.0, "final_station_name": "204 - Consolação", "arrivals": 72.0, "total": 390.0 }, "geometry": { "type": "Point", "coordinates": [ -46.6646225, -23.5575723 ] } },
{ "type": "Feature", "properties": { "initial_station_name": "322 - Metrô Eucaliptos", "initial_station_latitude": -23.609452586953001, "initial_station_longitude": -46.668144440096299, "departures": 1439.0, "final_station_name": "322 - Metrô Eucaliptos", "arrivals": 1327.0, "total": 2766.0 }, "geometry": { "type": "Point", "coordinates": [ -46.668144440096299, -23.609452586953001 ] } },
{ "type": "Feature", "properties": { "initial_station_name": "173 - Largo de São Bento", "initial_station_latitude": -23.54402567, "initial_station_longitude": -46.63454504, "departures": 602.0, "final_station_name": "173 - Largo de São Bento", "arrivals": 769.0, "total": 1371.0 }, "geometry": { "type": "Point", "coordinates": [ -46.63454504, -23.54402567 ] } },
{ "type": "Feature", "properties": { "initial_station_name": "286 - Turiassu", "initial_station_latitude": -23.533395, "initial_station_longitude": -46.663725, "departures": 198.0, "final_station_name": "286 - Turiassu", "arrivals": 184.0, "total": 382.0 }, "geometry": { "type": "Point", "coordinates": [ -46.663725, -23.533395 ] } },
{ "type": "Feature", "properties": { "initial_station_name": "271 - Rua Pedroso de Moraes", "initial_station_latitude": -23.568702, "initial_station_longitude": -46.687872, "departures": 248.0, "final_station_name": "271 - Rua Pedroso de Moraes", "arrivals": 272.0, "total": 520.0 }, "geometry": { "type": "Point", "coordinates": [ -46.687872, -23.568702 ] } },
{ "type": "Feature", "properties": { "initial_station_name": "87 - Parque Prefeito Mário Covas", "initial_station_latitude": -23.559744973426898, "initial_station_longitude": -46.658092617501502, "departures": 1404.0, "final_station_name": "87 - Parque Prefeito Mário Covas", "arrivals": 1126.0, "total": 2530.0 }, "geometry": { "type": "Point", "coordinates": [ -46.658092617501502, -23.559744973426898 ] } },
{ "type": "Feature", "properties": { "initial_station_name": "127 - Jacutinga", "initial_station_latitude": -23.600369824626998, "initial_station_longitude": -46.668921020279001, "departures": 462.0, "final_station_name": "127 - Jacutinga", "arrivals": 480.0, "total": 942.0 }, "geometry": { "type": "Point", "coordinates": [ -46.668921020279001, -23.600369824626998 ] } },
{ "type": "Feature", "properties": { "initial_station_name": "355 - R. Dr. Rafael de Barros", "initial_station_latitude": -23.572712205232499, "initial_station_longitude": -46.646530368760402, "departures": 236.0, "final_station_name": "355 - R. Dr. Rafael de Barros", "arrivals": 107.0, "total": 343.0 }, "geometry": { "type": "Point", "coordinates": [ -46.646530368760402, -23.572712205232499 ] } },
{ "type": "Feature", "properties": { "initial_station_name": "144 - Rua Iguatemi", "initial_station_latitude": -23.587054652068499, "initial_station_longitude": -46.681065532617097, "departures": 665.0, "final_station_name": "144 - Rua Iguatemi", "arrivals": 837.0, "total": 1502.0 }, "geometry": { "type": "Point", "coordinates": [ -46.681065532617097, -23.587054652068499 ] } },
{ "type": "Feature", "properties": { "initial_station_name": "194 - jaguaribe", "initial_station_latitude": -23.541533408662101, "initial_station_longitude": -46.655554719550899, "departures": 392.0, "final_station_name": "194 - jaguaribe", "arrivals": 412.0, "total": 804.0 }, "geometry": { "type": "Point", "coordinates": [ -46.655554719550899, -23.541533408662101 ] } },
{ "type": "Feature", "properties": { "initial_station_name": "95 - R. Manoel da Nóbrega", "initial_station_latitude": -23.5681587220928, "initial_station_longitude": -46.6489777696966, "departures": 789.0, "final_station_name": "95 - R. Manoel da Nóbrega", "arrivals": 420.0, "total": 1209.0 }, "geometry": { "type": "Point", "coordinates": [ -46.6489777696966, -23.5681587220928 ] } },
{ "type": "Feature", "properties": { "initial_station_name": "222 - Rua Horácio Lane", "initial_station_latitude": -23.558739233750799, "initial_station_longitude": -46.6871313395988, "departures": 271.0, "final_station_name": "222 - Rua Horácio Lane", "arrivals": 275.0, "total": 546.0 }, "geometry": { "type": "Point", "coordinates": [ -46.6871313395988, -23.558739233750799 ] } },
{ "type": "Feature", "properties": { "initial_station_name": "89 - Caiubí", "initial_station_latitude": -23.538264402519999, "initial_station_longitude": -46.674262054958298, "departures": 167.0, "final_station_name": "89 - Caiubí", "arrivals": 163.0, "total": 330.0 }, "geometry": { "type": "Point", "coordinates": [ -46.674262054958298, -23.538264402519999 ] } },
{ "type": "Feature", "properties": { "initial_station_name": "32 - Ibirapuera Portão 07", "initial_station_latitude": -23.590419102912101, "initial_station_longitude": -46.6659155439702, "departures": 460.0, "final_station_name": "32 - Ibirapuera Portão 07", "arrivals": 522.0, "total": 982.0 }, "geometry": { "type": "Point", "coordinates": [ -46.6659155439702, -23.590419102912101 ] } },
{ "type": "Feature", "properties": { "initial_station_name": "44 - Ibirapuera Portão 09", "initial_station_latitude": -23.578698159208201, "initial_station_longitude": -46.660188148050601, "departures": 857.0, "final_station_name": "44 - Ibirapuera Portão 09", "arrivals": 1181.0, "total": 2038.0 }, "geometry": { "type": "Point", "coordinates": [ -46.660188148050601, -23.578698159208201 ] } },
{ "type": "Feature", "properties": { "initial_station_name": "135 - Ibirapuera Portão 10", "initial_station_latitude": -23.582078, "initial_station_longitude": -46.657321, "departures": 817.0, "final_station_name": "135 - Ibirapuera Portão 10", "arrivals": 1014.0, "total": 1831.0 }, "geometry": { "type": "Point", "coordinates": [ -46.657321, -23.582078 ] } },
{ "type": "Feature", "properties": { "initial_station_name": "224 - Metrô Fradique Coutinho", "initial_station_latitude": -23.5656634, "initial_station_longitude": -46.6851021, "departures": 619.0, "final_station_name": "224 - Metrô Fradique Coutinho", "arrivals": 724.0, "total": 1343.0 }, "geometry": { "type": "Point", "coordinates": [ -46.6851021, -23.5656634 ] } },
{ "type": "Feature", "properties": { "initial_station_name": "279 - Hotel Transamérica Berrini", "initial_station_latitude": -23.6017705716527, "initial_station_longitude": -46.6940557491764, "departures": 69.0, "final_station_name": "279 - Hotel Transamérica Berrini", "arrivals": 62.0, "total": 131.0 }, "geometry": { "type": "Point", "coordinates": [ -46.6940557491764, -23.6017705716527 ] } },
{ "type": "Feature", "properties": { "initial_station_name": "339 - R. Min. Luiz Gallotti", "initial_station_latitude": -23.618814399492901, "initial_station_longitude": -46.683918675653103, "departures": 256.0, "final_station_name": "339 - R. Min. Luiz Gallotti", "arrivals": 232.0, "total": 488.0 }, "geometry": { "type": "Point", "coordinates": [ -46.683918675653103, -23.618814399492901 ] } },
{ "type": "Feature", "properties": { "initial_station_name": "3 - CPTM Pinheiros", "initial_station_latitude": -23.566477621495402, "initial_station_longitude": -46.701258281942799, "departures": 375.0, "final_station_name": "3 - CPTM Pinheiros", "arrivals": 769.0, "total": 1144.0 }, "geometry": { "type": "Point", "coordinates": [ -46.701258281942799, -23.566477621495402 ] } },
{ "type": "Feature", "properties": { "initial_station_name": "11 - Praça Faria Lima", "initial_station_latitude": -23.565568754401401, "initial_station_longitude": -46.694238710270803, "departures": 283.0, "final_station_name": "11 - Praça Faria Lima", "arrivals": 209.0, "total": 492.0 }, "geometry": { "type": "Point", "coordinates": [ -46.694238710270803, -23.565568754401401 ] } },
{ "type": "Feature", "properties": { "initial_station_name": "18 - Itaú Faria Lima", "initial_station_latitude": -23.586695720989098, "initial_station_longitude": -46.683918219700303, "departures": 633.0, "final_station_name": "18 - Itaú Faria Lima", "arrivals": 591.0, "total": 1224.0 }, "geometry": { "type": "Point", "coordinates": [ -46.683918219700303, -23.586695720989098 ] } },
{ "type": "Feature", "properties": { "initial_station_name": "28 - Rua Comendador Miguel Calfat", "initial_station_latitude": -23.5933504143939, "initial_station_longitude": -46.677026684925899, "departures": 1014.0, "final_station_name": "28 - Rua Comendador Miguel Calfat", "arrivals": 1078.0, "total": 2092.0 }, "geometry": { "type": "Point", "coordinates": [ -46.677026684925899, -23.5933504143939 ] } },
{ "type": "Feature", "properties": { "initial_station_name": "106 - Rua Flórida", "initial_station_latitude": -23.6090278763808, "initial_station_longitude": -46.691621799654399, "departures": 281.0, "final_station_name": "106 - Rua Flórida", "arrivals": 277.0, "total": 558.0 }, "geometry": { "type": "Point", "coordinates": [ -46.691621799654399, -23.6090278763808 ] } },
{ "type": "Feature", "properties": { "initial_station_name": "124 - Praça PereIra Coutinho", "initial_station_latitude": -23.594030620070399, "initial_station_longitude": -46.669277358871099, "departures": 398.0, "final_station_name": "124 - Praça PereIra Coutinho", "arrivals": 409.0, "total": 807.0 }, "geometry": { "type": "Point", "coordinates": [ -46.669277358871099, -23.594030620070399 ] } },
{ "type": "Feature", "properties": { "initial_station_name": "335 - R. Ribeiro do Vale", "initial_station_latitude": -23.6106846259976, "initial_station_longitude": -46.685913186538301, "departures": 363.0, "final_station_name": "335 - R. Ribeiro do Vale", "arrivals": 398.0, "total": 761.0 }, "geometry": { "type": "Point", "coordinates": [ -46.685913186538301, -23.6106846259976 ] } },
{ "type": "Feature", "properties": { "initial_station_name": "109 - Praça Oswaldo Varella", "initial_station_latitude": -23.603462468583899, "initial_station_longitude": -46.6925864305815, "departures": 298.0, "final_station_name": "109 - Praça Oswaldo Varella", "arrivals": 301.0, "total": 599.0 }, "geometry": { "type": "Point", "coordinates": [ -46.6925864305815, -23.603462468583899 ] } },
{ "type": "Feature", "properties": { "initial_station_name": "128 - R. Sampaio Góis", "initial_station_latitude": -23.596549642467998, "initial_station_longitude": -46.6665456773041, "departures": 387.0, "final_station_name": "128 - R. Sampaio Góis", "arrivals": 447.0, "total": 834.0 }, "geometry": { "type": "Point", "coordinates": [ -46.6665456773041, -23.596549642467998 ] } },
{ "type": "Feature", "properties": { "initial_station_name": "301 - R. França Pinto", "initial_station_latitude": -23.590914722544401, "initial_station_longitude": -46.6491158963983, "departures": 147.0, "final_station_name": "301 - R. França Pinto", "arrivals": 180.0, "total": 327.0 }, "geometry": { "type": "Point", "coordinates": [ -46.6491158963983, -23.590914722544401 ] } },
{ "type": "Feature", "properties": { "initial_station_name": "282 - Cunha Horta", "initial_station_latitude": -23.5462134, "initial_station_longitude": -46.648366, "departures": 613.0, "final_station_name": "282 - Cunha Horta", "arrivals": 818.0, "total": 1431.0 }, "geometry": { "type": "Point", "coordinates": [ -46.648366, -23.5462134 ] } },
{ "type": "Feature", "properties": { "initial_station_name": "67 - Matarazzo", "initial_station_latitude": -23.530211940807298, "initial_station_longitude": -46.666126685954701, "departures": 160.0, "final_station_name": "67 - Matarazzo", "arrivals": 160.0, "total": 320.0 }, "geometry": { "type": "Point", "coordinates": [ -46.666126685954701, -23.530211940807298 ] } },
{ "type": "Feature", "properties": { "initial_station_name": "34 - Parque da Juventude", "initial_station_latitude": -23.508128, "initial_station_longitude": -46.624649, "departures": 312.0, "final_station_name": "34 - Parque da Juventude", "arrivals": 338.0, "total": 650.0 }, "geometry": { "type": "Point", "coordinates": [ -46.624649, -23.508128 ] } },
{ "type": "Feature", "properties": { "initial_station_name": "53 - Google São Paulo", "initial_station_latitude": -23.587132349448101, "initial_station_longitude": -46.6820977165766, "departures": 769.0, "final_station_name": "53 - Google São Paulo", "arrivals": 976.0, "total": 1745.0 }, "geometry": { "type": "Point", "coordinates": [ -46.6820977165766, -23.587132349448101 ] } },
{ "type": "Feature", "properties": { "initial_station_name": "101 - Praça Gen. Gentil Falcão", "initial_station_latitude": -23.604943558790598, "initial_station_longitude": -46.694961566252303, "departures": 471.0, "final_station_name": "101 - Praça Gen. Gentil Falcão", "arrivals": 465.0, "total": 936.0 }, "geometry": { "type": "Point", "coordinates": [ -46.694961566252303, -23.604943558790598 ] } },
{ "type": "Feature", "properties": { "initial_station_name": "115 - Praça Procópio Ferreira", "initial_station_latitude": -23.600157464665699, "initial_station_longitude": -46.6894766023497, "departures": 398.0, "final_station_name": "115 - Praça Procópio Ferreira", "arrivals": 441.0, "total": 839.0 }, "geometry": { "type": "Point", "coordinates": [ -46.6894766023497, -23.600157464665699 ] } },
{ "type": "Feature", "properties": { "initial_station_name": "162 - Herculano de Freitas", "initial_station_latitude": -23.555142, "initial_station_longitude": -46.651859, "departures": 197.0, "final_station_name": "162 - Herculano de Freitas", "arrivals": 228.0, "total": 425.0 }, "geometry": { "type": "Point", "coordinates": [ -46.651859, -23.555142 ] } },
{ "type": "Feature", "properties": { "initial_station_name": "227 - R. Simão Álvares", "initial_station_latitude": -23.561008288425299, "initial_station_longitude": -46.690851592083902, "departures": 534.0, "final_station_name": "227 - R. Simão Álvares", "arrivals": 527.0, "total": 1061.0 }, "geometry": { "type": "Point", "coordinates": [ -46.690851592083902, -23.561008288425299 ] } },
{ "type": "Feature", "properties": { "initial_station_name": "229 - R. Artur de Azevedo", "initial_station_latitude": -23.566122993420901, "initial_station_longitude": -46.687647078305197, "departures": 552.0, "final_station_name": "229 - R. Artur de Azevedo", "arrivals": 590.0, "total": 1142.0 }, "geometry": { "type": "Point", "coordinates": [ -46.687647078305197, -23.566122993420901 ] } },
{ "type": "Feature", "properties": { "initial_station_name": "296 - Largo Ana Rosa", "initial_station_latitude": -23.580872345943298, "initial_station_longitude": -46.638988204241102, "departures": 443.0, "final_station_name": "296 - Largo Ana Rosa", "arrivals": 417.0, "total": 860.0 }, "geometry": { "type": "Point", "coordinates": [ -46.638988204241102, -23.580872345943298 ] } },
{ "type": "Feature", "properties": { "initial_station_name": "64 - Av Marquês de São Vicente", "initial_station_latitude": -23.5225481, "initial_station_longitude": -46.6591612, "departures": 139.0, "final_station_name": "64 - Av Marquês de São Vicente", "arrivals": 159.0, "total": 298.0 }, "geometry": { "type": "Point", "coordinates": [ -46.6591612, -23.5225481 ] } },
{ "type": "Feature", "properties": { "initial_station_name": "6 - Rua Manduri", "initial_station_latitude": -23.572136637387398, "initial_station_longitude": -46.690106780403802, "departures": 750.0, "final_station_name": "6 - Rua Manduri", "arrivals": 872.0, "total": 1622.0 }, "geometry": { "type": "Point", "coordinates": [ -46.690106780403802, -23.572136637387398 ] } },
{ "type": "Feature", "properties": { "initial_station_name": "33 - Ibirapuera Portão 08", "initial_station_latitude": -23.5880294812907, "initial_station_longitude": -46.665459502492197, "departures": 410.0, "final_station_name": "33 - Ibirapuera Portão 08", "arrivals": 426.0, "total": 836.0 }, "geometry": { "type": "Point", "coordinates": [ -46.665459502492197, -23.5880294812907 ] } },
{ "type": "Feature", "properties": { "initial_station_name": "149 - Rua Afonso de Freitas", "initial_station_latitude": -23.575185201003301, "initial_station_longitude": -46.644244246532502, "departures": 209.0, "final_station_name": "149 - Rua Afonso de Freitas", "arrivals": 133.0, "total": 342.0 }, "geometry": { "type": "Point", "coordinates": [ -46.644244246532502, -23.575185201003301 ] } },
{ "type": "Feature", "properties": { "initial_station_name": "178 - Av. São Luís", "initial_station_latitude": -23.5456630543638, "initial_station_longitude": -46.643246265232399, "departures": 862.0, "final_station_name": "178 - Av. São Luís", "arrivals": 1181.0, "total": 2043.0 }, "geometry": { "type": "Point", "coordinates": [ -46.643246265232399, -23.5456630543638 ] } },
{ "type": "Feature", "properties": { "initial_station_name": "186 - Itambé", "initial_station_latitude": -23.548859121431899, "initial_station_longitude": -46.655346230990503, "departures": 210.0, "final_station_name": "186 - Itambé", "arrivals": 172.0, "total": 382.0 }, "geometry": { "type": "Point", "coordinates": [ -46.655346230990503, -23.548859121431899 ] } },
{ "type": "Feature", "properties": { "initial_station_name": "196 - Alameda Barros", "initial_station_latitude": -23.536979104245699, "initial_station_longitude": -46.654147396747597, "departures": 681.0, "final_station_name": "196 - Alameda Barros", "arrivals": 847.0, "total": 1528.0 }, "geometry": { "type": "Point", "coordinates": [ -46.654147396747597, -23.536979104245699 ] } },
{ "type": "Feature", "properties": { "initial_station_name": "198 - Marechal Deodoro", "initial_station_latitude": -23.5358897652191, "initial_station_longitude": -46.656765280580998, "departures": 252.0, "final_station_name": "198 - Marechal Deodoro", "arrivals": 281.0, "total": 533.0 }, "geometry": { "type": "Point", "coordinates": [ -46.656765280580998, -23.5358897652191 ] } },
{ "type": "Feature", "properties": { "initial_station_name": "240 - Praça Panamericana", "initial_station_latitude": -23.554178904511701, "initial_station_longitude": -46.707987125315, "departures": 390.0, "final_station_name": "240 - Praça Panamericana", "arrivals": 417.0, "total": 807.0 }, "geometry": { "type": "Point", "coordinates": [ -46.707987125315, -23.554178904511701 ] } },
{ "type": "Feature", "properties": { "initial_station_name": "295 - Vergueiro", "initial_station_latitude": -23.584451108710098, "initial_station_longitude": -46.636489439395802, "departures": 482.0, "final_station_name": "295 - Vergueiro", "arrivals": 447.0, "total": 929.0 }, "geometry": { "type": "Point", "coordinates": [ -46.636489439395802, -23.584451108710098 ] } },
{ "type": "Feature", "properties": { "initial_station_name": "208 - Alameda Lorena", "initial_station_latitude": -23.55991951, "initial_station_longitude": -46.67026626, "departures": 215.0, "final_station_name": "208 - Alameda Lorena", "arrivals": 183.0, "total": 398.0 }, "geometry": { "type": "Point", "coordinates": [ -46.67026626, -23.55991951 ] } },
{ "type": "Feature", "properties": { "initial_station_name": "158 - Alameda Rio Claro", "initial_station_latitude": -23.5601, "initial_station_longitude": -46.6517, "departures": 142.0, "final_station_name": "158 - Alameda Rio Claro", "arrivals": 118.0, "total": 260.0 }, "geometry": { "type": "Point", "coordinates": [ -46.6517, -23.5601 ] } },
{ "type": "Feature", "properties": { "initial_station_name": "312 - Parque da Bicicletas", "initial_station_latitude": -23.600556117932101, "initial_station_longitude": -46.657754115075399, "departures": 303.0, "final_station_name": "312 - Parque da Bicicletas", "arrivals": 325.0, "total": 628.0 }, "geometry": { "type": "Point", "coordinates": [ -46.657754115075399, -23.600556117932101 ] } },
{ "type": "Feature", "properties": { "initial_station_name": "88 - João Ramalho", "initial_station_latitude": -23.535405084949499, "initial_station_longitude": -46.6737218412473, "departures": 163.0, "final_station_name": "88 - João Ramalho", "arrivals": 170.0, "total": 333.0 }, "geometry": { "type": "Point", "coordinates": [ -46.6737218412473, -23.535405084949499 ] } },
{ "type": "Feature", "properties": { "initial_station_name": "151 - Centro Cultural SP", "initial_station_latitude": -23.5697804473938, "initial_station_longitude": -46.639978295092099, "departures": 398.0, "final_station_name": "151 - Centro Cultural SP", "arrivals": 365.0, "total": 763.0 }, "geometry": { "type": "Point", "coordinates": [ -46.639978295092099, -23.5697804473938 ] } },
{ "type": "Feature", "properties": { "initial_station_name": "25 - Rua Helena", "initial_station_latitude": -23.593063, "initial_station_longitude": -46.685352, "departures": 903.0, "final_station_name": "25 - Rua Helena", "arrivals": 838.0, "total": 1741.0 }, "geometry": { "type": "Point", "coordinates": [ -46.685352, -23.593063 ] } },
{ "type": "Feature", "properties": { "initial_station_name": "65 - Terminal Barra Funda", "initial_station_latitude": -23.525268809401801, "initial_station_longitude": -46.664198285536898, "departures": 161.0, "final_station_name": "65 - Terminal Barra Funda", "arrivals": 175.0, "total": 336.0 }, "geometry": { "type": "Point", "coordinates": [ -46.664198285536898, -23.525268809401801 ] } },
{ "type": "Feature", "properties": { "initial_station_name": "244 - Metrô Butantã", "initial_station_latitude": -23.571218023973898, "initial_station_longitude": -46.707806146129997, "departures": 377.0, "final_station_name": "244 - Metrô Butantã", "arrivals": 463.0, "total": 840.0 }, "geometry": { "type": "Point", "coordinates": [ -46.707806146129997, -23.571218023973898 ] } },
{ "type": "Feature", "properties": { "initial_station_name": "192 - Pernambuco", "initial_station_latitude": -23.543490788406, "initial_station_longitude": -46.660631040442603, "departures": 153.0, "final_station_name": "192 - Pernambuco", "arrivals": 129.0, "total": 282.0 }, "geometry": { "type": "Point", "coordinates": [ -46.660631040442603, -23.543490788406 ] } },
{ "type": "Feature", "properties": { "initial_station_name": "326 - Praça da árvore", "initial_station_latitude": -23.609858, "initial_station_longitude": -46.638388, "departures": 483.0, "final_station_name": "326 - Praça da árvore", "arrivals": 472.0, "total": 955.0 }, "geometry": { "type": "Point", "coordinates": [ -46.638388, -23.609858 ] } },
{ "type": "Feature", "properties": { "initial_station_name": "328 - R. Demóstenes", "initial_station_latitude": -23.6135042882545, "initial_station_longitude": -46.677309771602403, "departures": 252.0, "final_station_name": "328 - R. Demóstenes", "arrivals": 249.0, "total": 501.0 }, "geometry": { "type": "Point", "coordinates": [ -46.677309771602403, -23.6135042882545 ] } },
{ "type": "Feature", "properties": { "initial_station_name": "354 - Praça Oswaldo Cruz", "initial_station_latitude": -23.571604377929599, "initial_station_longitude": -46.644266214351703, "departures": 1083.0, "final_station_name": "354 - Praça Oswaldo Cruz", "arrivals": 1016.0, "total": 2099.0 }, "geometry": { "type": "Point", "coordinates": [ -46.644266214351703, -23.571604377929599 ] } },
{ "type": "Feature", "properties": { "initial_station_name": "19 - Av. Dr. Cardoso de Melo", "initial_station_latitude": -23.595723751620501, "initial_station_longitude": -46.6907050831378, "departures": 740.0, "final_station_name": "19 - Av. Dr. Cardoso de Melo", "arrivals": 812.0, "total": 1552.0 }, "geometry": { "type": "Point", "coordinates": [ -46.6907050831378, -23.595723751620501 ] } },
{ "type": "Feature", "properties": { "initial_station_name": "102 - Rua James Watt", "initial_station_latitude": -23.611868586535799, "initial_station_longitude": -46.694953329576002, "departures": 404.0, "final_station_name": "102 - Rua James Watt", "arrivals": 414.0, "total": 818.0 }, "geometry": { "type": "Point", "coordinates": [ -46.694953329576002, -23.611868586535799 ] } },
{ "type": "Feature", "properties": { "initial_station_name": "114 - Rua Alvorada", "initial_station_latitude": -23.601315910873801, "initial_station_longitude": -46.681705646659999, "departures": 429.0, "final_station_name": "114 - Rua Alvorada", "arrivals": 409.0, "total": 838.0 }, "geometry": { "type": "Point", "coordinates": [ -46.681705646659999, -23.601315910873801 ] } },
{ "type": "Feature", "properties": { "initial_station_name": "150 - Metrô Paraíso", "initial_station_latitude": -23.574990963087799, "initial_station_longitude": -46.641521599750902, "departures": 1018.0, "final_station_name": "150 - Metrô Paraíso", "arrivals": 549.0, "total": 1567.0 }, "geometry": { "type": "Point", "coordinates": [ -46.641521599750902, -23.574990963087799 ] } },
{ "type": "Feature", "properties": { "initial_station_name": "22 - Rua Leopoldo Couto", "initial_station_latitude": -23.5892048894301, "initial_station_longitude": -46.683922812607001, "departures": 609.0, "final_station_name": "22 - Rua Leopoldo Couto", "arrivals": 643.0, "total": 1252.0 }, "geometry": { "type": "Point", "coordinates": [ -46.683922812607001, -23.5892048894301 ] } },
{ "type": "Feature", "properties": { "initial_station_name": "207 - Bela Cintra", "initial_station_latitude": -23.56226, "initial_station_longitude": -46.66805, "departures": 238.0, "final_station_name": "207 - Bela Cintra", "arrivals": 282.0, "total": 520.0 }, "geometry": { "type": "Point", "coordinates": [ -46.66805, -23.56226 ] } },
{ "type": "Feature", "properties": { "initial_station_name": "54 - Cônego Amaral Mello", "initial_station_latitude": -23.508690556404201, "initial_station_longitude": -46.652790946819998, "departures": 76.0, "final_station_name": "54 - Cônego Amaral Mello", "arrivals": 81.0, "total": 157.0 }, "geometry": { "type": "Point", "coordinates": [ -46.652790946819998, -23.508690556404201 ] } },
{ "type": "Feature", "properties": { "initial_station_name": "60 - Euclides da Silveira", "initial_station_latitude": -23.510128171762702, "initial_station_longitude": -46.652813156585999, "departures": 204.0, "final_station_name": "60 - Euclides da Silveira", "arrivals": 243.0, "total": 447.0 }, "geometry": { "type": "Point", "coordinates": [ -46.652813156585999, -23.510128171762702 ] } },
{ "type": "Feature", "properties": { "initial_station_name": "50 - Rua André Fernandes", "initial_station_latitude": -23.582362, "initial_station_longitude": -46.681376, "departures": 699.0, "final_station_name": "50 - Rua André Fernandes", "arrivals": 699.0, "total": 1398.0 }, "geometry": { "type": "Point", "coordinates": [ -46.681376, -23.582362 ] } },
{ "type": "Feature", "properties": { "initial_station_name": "62 - Pça. Pe. Luís Alves de S. Castro", "initial_station_latitude": -23.523223176752499, "initial_station_longitude": -46.655352172898397, "departures": 165.0, "final_station_name": "62 - Pça. Pe. Luís Alves de S. Castro", "arrivals": 204.0, "total": 369.0 }, "geometry": { "type": "Point", "coordinates": [ -46.655352172898397, -23.523223176752499 ] } },
{ "type": "Feature", "properties": { "initial_station_name": "126 - Graúna", "initial_station_latitude": -23.6013401704407, "initial_station_longitude": -46.671191634783398, "departures": 315.0, "final_station_name": "126 - Graúna", "arrivals": 305.0, "total": 620.0 }, "geometry": { "type": "Point", "coordinates": [ -46.671191634783398, -23.6013401704407 ] } },
{ "type": "Feature", "properties": { "initial_station_name": "223 - Fradique Coutinho 558", "initial_station_latitude": -23.562078902900399, "initial_station_longitude": -46.687156675601798, "departures": 257.0, "final_station_name": "223 - Fradique Coutinho 558", "arrivals": 291.0, "total": 548.0 }, "geometry": { "type": "Point", "coordinates": [ -46.687156675601798, -23.562078902900399 ] } },
{ "type": "Feature", "properties": { "initial_station_name": "61 - Ponte da Casa Verde", "initial_station_latitude": -23.518556638408, "initial_station_longitude": -46.655159299844001, "departures": 141.0, "final_station_name": "61 - Ponte da Casa Verde", "arrivals": 148.0, "total": 289.0 }, "geometry": { "type": "Point", "coordinates": [ -46.655159299844001, -23.518556638408 ] } },
{ "type": "Feature", "properties": { "initial_station_name": "167 - Praça Roosevelt", "initial_station_latitude": -23.5486363, "initial_station_longitude": -46.6472344, "departures": 997.0, "final_station_name": "167 - Praça Roosevelt", "arrivals": 1288.0, "total": 2285.0 }, "geometry": { "type": "Point", "coordinates": [ -46.6472344, -23.5486363 ] } },
{ "type": "Feature", "properties": { "initial_station_name": "183 - Mackenzie", "initial_station_latitude": -23.545324819388, "initial_station_longitude": -46.651718320820997, "departures": 311.0, "final_station_name": "183 - Mackenzie", "arrivals": 317.0, "total": 628.0 }, "geometry": { "type": "Point", "coordinates": [ -46.651718320820997, -23.545324819388 ] } },
{ "type": "Feature", "properties": { "initial_station_name": "201 - Metrô Sumaré", "initial_station_latitude": -23.5515095992215, "initial_station_longitude": -46.678170046448699, "departures": 273.0, "final_station_name": "201 - Metrô Sumaré", "arrivals": 218.0, "total": 491.0 }, "geometry": { "type": "Point", "coordinates": [ -46.678170046448699, -23.5515095992215 ] } },
{ "type": "Feature", "properties": { "initial_station_name": "57 - Praça Caetano Fracaroli", "initial_station_latitude": -23.553363749046099, "initial_station_longitude": -46.678812628895301, "departures": 198.0, "final_station_name": "57 - Praça Caetano Fracaroli", "arrivals": 140.0, "total": 338.0 }, "geometry": { "type": "Point", "coordinates": [ -46.678812628895301, -23.553363749046099 ] } },
{ "type": "Feature", "properties": { "initial_station_name": "99 - Parque da Água Branca", "initial_station_latitude": -23.5316825837021, "initial_station_longitude": -46.668399764791701, "departures": 184.0, "final_station_name": "99 - Parque da Água Branca", "arrivals": 162.0, "total": 346.0 }, "geometry": { "type": "Point", "coordinates": [ -46.668399764791701, -23.5316825837021 ] } },
{ "type": "Feature", "properties": { "initial_station_name": "17 - Rua José Gonçalves de Oliveira", "initial_station_latitude": -23.5843221297715, "initial_station_longitude": -46.682907771238298, "departures": 935.0, "final_station_name": "17 - Rua José Gonçalves de Oliveira", "arrivals": 672.0, "total": 1607.0 }, "geometry": { "type": "Point", "coordinates": [ -46.682907771238298, -23.5843221297715 ] } },
{ "type": "Feature", "properties": { "initial_station_name": "79 - Pça David Raw", "initial_station_latitude": -23.528172166838502, "initial_station_longitude": -46.661550748019899, "departures": 80.0, "final_station_name": "79 - Pça David Raw", "arrivals": 92.0, "total": 172.0 }, "geometry": { "type": "Point", "coordinates": [ -46.661550748019899, -23.528172166838502 ] } },
{ "type": "Feature", "properties": { "initial_station_name": "40 - Brasília", "initial_station_latitude": -23.583648057225801, "initial_station_longitude": -46.672067696047499, "departures": 610.0, "final_station_name": "40 - Brasília", "arrivals": 621.0, "total": 1231.0 }, "geometry": { "type": "Point", "coordinates": [ -46.672067696047499, -23.583648057225801 ] } },
{ "type": "Feature", "properties": { "initial_station_name": "347 - Metrô Brooklin", "initial_station_latitude": -23.626894346869499, "initial_station_longitude": -46.687573116583501, "departures": 522.0, "final_station_name": "347 - Metrô Brooklin", "arrivals": 506.0, "total": 1028.0 }, "geometry": { "type": "Point", "coordinates": [ -46.687573116583501, -23.626894346869499 ] } },
{ "type": "Feature", "properties": { "initial_station_name": "212 - Rua Estados Unidos", "initial_station_latitude": -23.563358156080302, "initial_station_longitude": -46.673013822993198, "departures": 265.0, "final_station_name": "212 - Rua Estados Unidos", "arrivals": 271.0, "total": 536.0 }, "geometry": { "type": "Point", "coordinates": [ -46.673013822993198, -23.563358156080302 ] } },
{ "type": "Feature", "properties": { "initial_station_name": "249 - Bandejão Central", "initial_station_latitude": -23.5597721, "initial_station_longitude": -46.7227278, "departures": 698.0, "final_station_name": "249 - Bandejão Central", "arrivals": 743.0, "total": 1441.0 }, "geometry": { "type": "Point", "coordinates": [ -46.7227278, -23.5597721 ] } },
{ "type": "Feature", "properties": { "initial_station_name": "270 - Praça Portugal", "initial_station_latitude": -23.564533013870602, "initial_station_longitude": -46.678057382912797, "departures": 318.0, "final_station_name": "270 - Praça Portugal", "arrivals": 311.0, "total": 629.0 }, "geometry": { "type": "Point", "coordinates": [ -46.678057382912797, -23.564533013870602 ] } },
{ "type": "Feature", "properties": { "initial_station_name": "51 - Braz Leme", "initial_station_latitude": -23.503586032441, "initial_station_longitude": -46.638317592458499, "departures": 225.0, "final_station_name": "51 - Braz Leme", "arrivals": 227.0, "total": 452.0 }, "geometry": { "type": "Point", "coordinates": [ -46.638317592458499, -23.503586032441 ] } },
{ "type": "Feature", "properties": { "initial_station_name": "132 - Ibirapuera Portão 05", "initial_station_latitude": -23.5921163886911, "initial_station_longitude": -46.655399639438699, "departures": 569.0, "final_station_name": "132 - Ibirapuera Portão 05", "arrivals": 627.0, "total": 1196.0 }, "geometry": { "type": "Point", "coordinates": [ -46.655399639438699, -23.5921163886911 ] } },
{ "type": "Feature", "properties": { "initial_station_name": "220 - R. dos Pinheiros", "initial_station_latitude": -23.564336807714501, "initial_station_longitude": -46.679855493323402, "departures": 413.0, "final_station_name": "220 - R. dos Pinheiros", "arrivals": 424.0, "total": 837.0 }, "geometry": { "type": "Point", "coordinates": [ -46.679855493323402, -23.564336807714501 ] } },
{ "type": "Feature", "properties": { "initial_station_name": "189 - CEMG FARIA LIMA", "initial_station_latitude": -23.570612002443401, "initial_station_longitude": -46.690488273355797, "departures": 494.0, "final_station_name": "189 - CEMG FARIA LIMA", "arrivals": 598.0, "total": 1092.0 }, "geometry": { "type": "Point", "coordinates": [ -46.690488273355797, -23.570612002443401 ] } },
{ "type": "Feature", "properties": { "initial_station_name": "307 - Metrô Vila Mariana", "initial_station_latitude": -23.5898021306398, "initial_station_longitude": -46.635085481560203, "departures": 824.0, "final_station_name": "307 - Metrô Vila Mariana", "arrivals": 749.0, "total": 1573.0 }, "geometry": { "type": "Point", "coordinates": [ -46.635085481560203, -23.5898021306398 ] } },
{ "type": "Feature", "properties": { "initial_station_name": "169 - Rua São Domingos", "initial_station_latitude": -23.552657354472, "initial_station_longitude": -46.642383173911298, "departures": 381.0, "final_station_name": "169 - Rua São Domingos", "arrivals": 472.0, "total": 853.0 }, "geometry": { "type": "Point", "coordinates": [ -46.642383173911298, -23.552657354472 ] } },
{ "type": "Feature", "properties": { "initial_station_name": "73 - Ginásio Ibirapuera", "initial_station_latitude": -23.5770321440522, "initial_station_longitude": -46.656451839658203, "departures": 204.0, "final_station_name": "73 - Ginásio Ibirapuera", "arrivals": 349.0, "total": 553.0 }, "geometry": { "type": "Point", "coordinates": [ -46.656451839658203, -23.5770321440522 ] } },
{ "type": "Feature", "properties": { "initial_station_name": "72 - Queluz", "initial_station_latitude": -23.5727335213451, "initial_station_longitude": -46.658603818606103, "departures": 206.0, "final_station_name": "72 - Queluz", "arrivals": 231.0, "total": 437.0 }, "geometry": { "type": "Point", "coordinates": [ -46.658603818606103, -23.5727335213451 ] } },
{ "type": "Feature", "properties": { "initial_station_name": "123 - R. Santa Justina", "initial_station_latitude": -23.594808986664301, "initial_station_longitude": -46.674945152971901, "departures": 618.0, "final_station_name": "123 - R. Santa Justina", "arrivals": 639.0, "total": 1257.0 }, "geometry": { "type": "Point", "coordinates": [ -46.674945152971901, -23.594808986664301 ] } },
{ "type": "Feature", "properties": { "initial_station_name": "174 - Largo São Francisco", "initial_station_latitude": -23.549197863759598, "initial_station_longitude": -46.637020640281797, "departures": 319.0, "final_station_name": "174 - Largo São Francisco", "arrivals": 394.0, "total": 713.0 }, "geometry": { "type": "Point", "coordinates": [ -46.637020640281797, -23.549197863759598 ] } },
{ "type": "Feature", "properties": { "initial_station_name": "171 - Praça da Liberdade", "initial_station_latitude": -23.55507044, "initial_station_longitude": -46.63565212, "departures": 922.0, "final_station_name": "171 - Praça da Liberdade", "arrivals": 1239.0, "total": 2161.0 }, "geometry": { "type": "Point", "coordinates": [ -46.63565212, -23.55507044 ] } },
{ "type": "Feature", "properties": { "initial_station_name": "292 - Rua Domingos de Moraes", "initial_station_latitude": -23.578911609242802, "initial_station_longitude": -46.640856930462, "departures": 382.0, "final_station_name": "292 - Rua Domingos de Moraes", "arrivals": 341.0, "total": 723.0 }, "geometry": { "type": "Point", "coordinates": [ -46.640856930462, -23.578911609242802 ] } },
{ "type": "Feature", "properties": { "initial_station_name": "262 - Colégio Santa Cruz", "initial_station_latitude": -23.5501563898634, "initial_station_longitude": -46.717571266957798, "departures": 462.0, "final_station_name": "262 - Colégio Santa Cruz", "arrivals": 587.0, "total": 1049.0 }, "geometry": { "type": "Point", "coordinates": [ -46.717571266957798, -23.5501563898634 ] } },
{ "type": "Feature", "properties": { "initial_station_name": "267 - CPTM Villa Lobos Jaguaré", "initial_station_latitude": -23.545607836002102, "initial_station_longitude": -46.732439993347199, "departures": 303.0, "final_station_name": "267 - CPTM Villa Lobos Jaguaré", "arrivals": 404.0, "total": 707.0 }, "geometry": { "type": "Point", "coordinates": [ -46.732439993347199, -23.545607836002102 ] } },
{ "type": "Feature", "properties": { "initial_station_name": "10 - Rua Campo Verde", "initial_station_latitude": -23.574679286005399, "initial_station_longitude": -46.689302674528498, "departures": 320.0, "final_station_name": "10 - Rua Campo Verde", "arrivals": 409.0, "total": 729.0 }, "geometry": { "type": "Point", "coordinates": [ -46.689302674528498, -23.574679286005399 ] } },
{ "type": "Feature", "properties": { "initial_station_name": "154 - R. Condessa de São Joaquim", "initial_station_latitude": -23.5578839112131, "initial_station_longitude": -46.639715507380103, "departures": 295.0, "final_station_name": "154 - R. Condessa de São Joaquim", "arrivals": 398.0, "total": 693.0 }, "geometry": { "type": "Point", "coordinates": [ -46.639715507380103, -23.5578839112131 ] } },
{ "type": "Feature", "properties": { "initial_station_name": "16 - Esporte Clube Pinheiros Boliche", "initial_station_latitude": -23.5823017032445, "initial_station_longitude": -46.691287294788602, "departures": 291.0, "final_station_name": "16 - Esporte Clube Pinheiros Boliche", "arrivals": 380.0, "total": 671.0 }, "geometry": { "type": "Point", "coordinates": [ -46.691287294788602, -23.5823017032445 ] } },
{ "type": "Feature", "properties": { "initial_station_name": "15 - Rua Prof. Artur Ramos", "initial_station_latitude": -23.582419617154699, "initial_station_longitude": -46.687035314430503, "departures": 408.0, "final_station_name": "15 - Rua Prof. Artur Ramos", "arrivals": 624.0, "total": 1032.0 }, "geometry": { "type": "Point", "coordinates": [ -46.687035314430503, -23.582419617154699 ] } },
{ "type": "Feature", "properties": { "initial_station_name": "74 - Círculo Militar", "initial_station_latitude": -23.580153788292701, "initial_station_longitude": -46.656249236441802, "departures": 209.0, "final_station_name": "74 - Círculo Militar", "arrivals": 307.0, "total": 516.0 }, "geometry": { "type": "Point", "coordinates": [ -46.656249236441802, -23.580153788292701 ] } },
{ "type": "Feature", "properties": { "initial_station_name": "96 - Tutóia", "initial_station_latitude": -23.573823000348298, "initial_station_longitude": -46.651414484981601, "departures": 244.0, "final_station_name": "96 - Tutóia", "arrivals": 253.0, "total": 497.0 }, "geometry": { "type": "Point", "coordinates": [ -46.651414484981601, -23.573823000348298 ] } },
{ "type": "Feature", "properties": { "initial_station_name": "75 - Viaduto Tutóia", "initial_station_latitude": -23.580303630947199, "initial_station_longitude": -46.650432749611603, "departures": 196.0, "final_station_name": "75 - Viaduto Tutóia", "arrivals": 275.0, "total": 471.0 }, "geometry": { "type": "Point", "coordinates": [ -46.650432749611603, -23.580303630947199 ] } },
{ "type": "Feature", "properties": { "initial_station_name": "143 - Rua João Cachoeira", "initial_station_latitude": -23.584108260081699, "initial_station_longitude": -46.677959857790199, "departures": 1192.0, "final_station_name": "143 - Rua João Cachoeira", "arrivals": 1197.0, "total": 2389.0 }, "geometry": { "type": "Point", "coordinates": [ -46.677959857790199, -23.584108260081699 ] } },
{ "type": "Feature", "properties": { "initial_station_name": "246 - Portão CPTM", "initial_station_latitude": -23.560100548771899, "initial_station_longitude": -46.713157701246701, "departures": 224.0, "final_station_name": "246 - Portão CPTM", "arrivals": 206.0, "total": 430.0 }, "geometry": { "type": "Point", "coordinates": [ -46.713157701246701, -23.560100548771899 ] } },
{ "type": "Feature", "properties": { "initial_station_name": "345 - R. Henrique Fischer", "initial_station_latitude": -23.619405897520899, "initial_station_longitude": -46.696563809064401, "departures": 609.0, "final_station_name": "345 - R. Henrique Fischer", "arrivals": 685.0, "total": 1294.0 }, "geometry": { "type": "Point", "coordinates": [ -46.696563809064401, -23.619405897520899 ] } },
{ "type": "Feature", "properties": { "initial_station_name": "37 - Edifício Infinity", "initial_station_latitude": -23.587642635631902, "initial_station_longitude": -46.679125355910998, "departures": 1390.0, "final_station_name": "37 - Edifício Infinity", "arrivals": 1401.0, "total": 2791.0 }, "geometry": { "type": "Point", "coordinates": [ -46.679125355910998, -23.587642635631902 ] } },
{ "type": "Feature", "properties": { "initial_station_name": "232 - Rua Sumidouro", "initial_station_latitude": -23.5652988887731, "initial_station_longitude": -46.695663653167998, "departures": 264.0, "final_station_name": "232 - Rua Sumidouro", "arrivals": 343.0, "total": 607.0 }, "geometry": { "type": "Point", "coordinates": [ -46.695663653167998, -23.5652988887731 ] } },
{ "type": "Feature", "properties": { "initial_station_name": "121 - Insper", "initial_station_latitude": -23.5978131886461, "initial_station_longitude": -46.6776630781739, "departures": 1495.0, "final_station_name": "121 - Insper", "arrivals": 1600.0, "total": 3095.0 }, "geometry": { "type": "Point", "coordinates": [ -46.6776630781739, -23.5978131886461 ] } },
{ "type": "Feature", "properties": { "initial_station_name": "7 - Praça Joaquim Roberto", "initial_station_latitude": -23.5725441757412, "initial_station_longitude": -46.693681004505898, "departures": 499.0, "final_station_name": "7 - Praça Joaquim Roberto", "arrivals": 651.0, "total": 1150.0 }, "geometry": { "type": "Point", "coordinates": [ -46.693681004505898, -23.5725441757412 ] } },
{ "type": "Feature", "properties": { "initial_station_name": "36 - E.E. Aristides de Castro", "initial_station_latitude": -23.586793279343102, "initial_station_longitude": -46.676081678116198, "departures": 1535.0, "final_station_name": "36 - E.E. Aristides de Castro", "arrivals": 1541.0, "total": 3076.0 }, "geometry": { "type": "Point", "coordinates": [ -46.676081678116198, -23.586793279343102 ] } },
{ "type": "Feature", "properties": { "initial_station_name": "12 - Largo da Batata II", "initial_station_latitude": -23.566164153679299, "initial_station_longitude": -46.693959166624197, "departures": 568.0, "final_station_name": "12 - Largo da Batata II", "arrivals": 595.0, "total": 1163.0 }, "geometry": { "type": "Point", "coordinates": [ -46.693959166624197, -23.566164153679299 ] } },
{ "type": "Feature", "properties": { "initial_station_name": "105 - Praça João Duran Alonso", "initial_station_latitude": -23.602365492283901, "initial_station_longitude": -46.692150575110503, "departures": 353.0, "final_station_name": "105 - Praça João Duran Alonso", "arrivals": 389.0, "total": 742.0 }, "geometry": { "type": "Point", "coordinates": [ -46.692150575110503, -23.602365492283901 ] } },
{ "type": "Feature", "properties": { "initial_station_name": "133 - Largo Mestre de Aviz", "initial_station_latitude": -23.594616887779601, "initial_station_longitude": -46.654976517583002, "departures": 224.0, "final_station_name": "133 - Largo Mestre de Aviz", "arrivals": 237.0, "total": 461.0 }, "geometry": { "type": "Point", "coordinates": [ -46.654976517583002, -23.594616887779601 ] } },
{ "type": "Feature", "properties": { "initial_station_name": "255 - Bandejão Física", "initial_station_latitude": -23.560686057746601, "initial_station_longitude": -46.735692676720298, "departures": 29.0, "final_station_name": "255 - Bandejão Física", "arrivals": 23.0, "total": 52.0 }, "geometry": { "type": "Point", "coordinates": [ -46.735692676720298, -23.560686057746601 ] } },
{ "type": "Feature", "properties": { "initial_station_name": "248 - Biblioteca Brasiliana", "initial_station_latitude": -23.562514926980398, "initial_station_longitude": -46.722825563146998, "departures": 111.0, "final_station_name": "248 - Biblioteca Brasiliana", "arrivals": 84.0, "total": 195.0 }, "geometry": { "type": "Point", "coordinates": [ -46.722825563146998, -23.562514926980398 ] } },
{ "type": "Feature", "properties": { "initial_station_name": "98 - Sampaio Viana", "initial_station_latitude": -23.5752978, "initial_station_longitude": -46.6483984, "departures": 143.0, "final_station_name": "98 - Sampaio Viana", "arrivals": 105.0, "total": 248.0 }, "geometry": { "type": "Point", "coordinates": [ -46.6483984, -23.5752978 ] } },
{ "type": "Feature", "properties": { "initial_station_name": "251 - FAU", "initial_station_latitude": -23.55923, "initial_station_longitude": -46.73003, "departures": 36.0, "final_station_name": "251 - FAU", "arrivals": 40.0, "total": 76.0 }, "geometry": { "type": "Point", "coordinates": [ -46.73003, -23.55923 ] } },
{ "type": "Feature", "properties": { "initial_station_name": "35 - Rua Benedito Lapin", "initial_station_latitude": -23.587288030038799, "initial_station_longitude": -46.673015947186499, "departures": 393.0, "final_station_name": "35 - Rua Benedito Lapin", "arrivals": 397.0, "total": 790.0 }, "geometry": { "type": "Point", "coordinates": [ -46.673015947186499, -23.587288030038799 ] } },
{ "type": "Feature", "properties": { "initial_station_name": "69 - Oscar Freire", "initial_station_latitude": -23.565763493547301, "initial_station_longitude": -46.666049087462198, "departures": 481.0, "final_station_name": "69 - Oscar Freire", "arrivals": 534.0, "total": 1015.0 }, "geometry": { "type": "Point", "coordinates": [ -46.666049087462198, -23.565763493547301 ] } },
{ "type": "Feature", "properties": { "initial_station_name": "117 - Cubo Itaú", "initial_station_latitude": -23.596659367249501, "initial_station_longitude": -46.686590722643899, "departures": 1170.0, "final_station_name": "117 - Cubo Itaú", "arrivals": 1212.0, "total": 2382.0 }, "geometry": { "type": "Point", "coordinates": [ -46.686590722643899, -23.596659367249501 ] } },
{ "type": "Feature", "properties": { "initial_station_name": "125 - Natividade", "initial_station_latitude": -23.597229667002299, "initial_station_longitude": -46.671658361907099, "departures": 516.0, "final_station_name": "125 - Natividade", "arrivals": 658.0, "total": 1174.0 }, "geometry": { "type": "Point", "coordinates": [ -46.671658361907099, -23.597229667002299 ] } },
{ "type": "Feature", "properties": { "initial_station_name": "176 - R. Cel. Xavier de Toledo", "initial_station_latitude": -23.547640346184998, "initial_station_longitude": -46.640618550152197, "departures": 647.0, "final_station_name": "176 - R. Cel. Xavier de Toledo", "arrivals": 924.0, "total": 1571.0 }, "geometry": { "type": "Point", "coordinates": [ -46.640618550152197, -23.547640346184998 ] } },
{ "type": "Feature", "properties": { "initial_station_name": "197 - Albuquerque Lins", "initial_station_latitude": -23.539000414887099, "initial_station_longitude": -46.657904457800903, "departures": 121.0, "final_station_name": "197 - Albuquerque Lins", "arrivals": 118.0, "total": 239.0 }, "geometry": { "type": "Point", "coordinates": [ -46.657904457800903, -23.539000414887099 ] } },
{ "type": "Feature", "properties": { "initial_station_name": "225 - Sampaio Vidal 530", "initial_station_latitude": -23.568771694585799, "initial_station_longitude": -46.684199040774303, "departures": 216.0, "final_station_name": "225 - Sampaio Vidal 530", "arrivals": 229.0, "total": 445.0 }, "geometry": { "type": "Point", "coordinates": [ -46.684199040774303, -23.568771694585799 ] } },
{ "type": "Feature", "properties": { "initial_station_name": "238 - Av. dos Semaneiros", "initial_station_latitude": -23.555378501584801, "initial_station_longitude": -46.705415671119802, "departures": 200.0, "final_station_name": "238 - Av. dos Semaneiros", "arrivals": 198.0, "total": 398.0 }, "geometry": { "type": "Point", "coordinates": [ -46.705415671119802, -23.555378501584801 ] } },
{ "type": "Feature", "properties": { "initial_station_name": "305 - MUBA", "initial_station_latitude": -23.589456336363899, "initial_station_longitude": -46.639732508206997, "departures": 195.0, "final_station_name": "305 - MUBA", "arrivals": 107.0, "total": 302.0 }, "geometry": { "type": "Point", "coordinates": [ -46.639732508206997, -23.589456336363899 ] } },
{ "type": "Feature", "properties": { "initial_station_name": "317 - R. Leonardo Nunes", "initial_station_latitude": -23.598732640329299, "initial_station_longitude": -46.639103055084703, "departures": 462.0, "final_station_name": "317 - R. Leonardo Nunes", "arrivals": 451.0, "total": 913.0 }, "geometry": { "type": "Point", "coordinates": [ -46.639103055084703, -23.598732640329299 ] } },
{ "type": "Feature", "properties": { "initial_station_name": "97 - Praça Irmãos Karmam", "initial_station_latitude": -23.541413385853001, "initial_station_longitude": -46.676389826673898, "departures": 196.0, "final_station_name": "97 - Praça Irmãos Karmam", "arrivals": 209.0, "total": 405.0 }, "geometry": { "type": "Point", "coordinates": [ -46.676389826673898, -23.541413385853001 ] } },
{ "type": "Feature", "properties": { "initial_station_name": "26 - Praça Pierre Germayel", "initial_station_latitude": -23.595441898302401, "initial_station_longitude": -46.683199942978597, "departures": 704.0, "final_station_name": "26 - Praça Pierre Germayel", "arrivals": 784.0, "total": 1488.0 }, "geometry": { "type": "Point", "coordinates": [ -46.683199942978597, -23.595441898302401 ] } },
{ "type": "Feature", "properties": { "initial_station_name": "71 - Pamplona", "initial_station_latitude": -23.569917597553101, "initial_station_longitude": -46.659699540814501, "departures": 418.0, "final_station_name": "71 - Pamplona", "arrivals": 437.0, "total": 855.0 }, "geometry": { "type": "Point", "coordinates": [ -46.659699540814501, -23.569917597553101 ] } },
{ "type": "Feature", "properties": { "initial_station_name": "9 - Rua Grécia", "initial_station_latitude": -23.575610896421999, "initial_station_longitude": -46.687360861115899, "departures": 641.0, "final_station_name": "9 - Rua Grécia", "arrivals": 828.0, "total": 1469.0 }, "geometry": { "type": "Point", "coordinates": [ -46.687360861115899, -23.575610896421999 ] } },
{ "type": "Feature", "properties": { "initial_station_name": "14 - Museu da Casa Brasileira", "initial_station_latitude": -23.580880232964802, "initial_station_longitude": -46.684708601567898, "departures": 958.0, "final_station_name": "14 - Museu da Casa Brasileira", "arrivals": 1095.0, "total": 2053.0 }, "geometry": { "type": "Point", "coordinates": [ -46.684708601567898, -23.580880232964802 ] } },
{ "type": "Feature", "properties": { "initial_station_name": "122 - Baluarte", "initial_station_latitude": -23.600724, "initial_station_longitude": -46.675455, "departures": 522.0, "final_station_name": "122 - Baluarte", "arrivals": 487.0, "total": 1009.0 }, "geometry": { "type": "Point", "coordinates": [ -46.675455, -23.600724 ] } },
{ "type": "Feature", "properties": { "initial_station_name": "303 - Rio Grande", "initial_station_latitude": -23.5871298485912, "initial_station_longitude": -46.643233677111397, "departures": 343.0, "final_station_name": "303 - Rio Grande", "arrivals": 351.0, "total": 694.0 }, "geometry": { "type": "Point", "coordinates": [ -46.643233677111397, -23.5871298485912 ] } },
{ "type": "Feature", "properties": { "initial_station_name": "119 - Rua Quatá", "initial_station_latitude": -23.597032535810701, "initial_station_longitude": -46.680431137639097, "departures": 325.0, "final_station_name": "119 - Rua Quatá", "arrivals": 297.0, "total": 622.0 }, "geometry": { "type": "Point", "coordinates": [ -46.680431137639097, -23.597032535810701 ] } },
{ "type": "Feature", "properties": { "initial_station_name": "187 - Parque Buenos Aires", "initial_station_latitude": -23.545606550986601, "initial_station_longitude": -46.657056293863199, "departures": 226.0, "final_station_name": "187 - Parque Buenos Aires", "arrivals": 203.0, "total": 429.0 }, "geometry": { "type": "Point", "coordinates": [ -46.657056293863199, -23.545606550986601 ] } },
{ "type": "Feature", "properties": { "initial_station_name": "324 - Jauaperi", "initial_station_latitude": -23.605705, "initial_station_longitude": -46.667877, "departures": 269.0, "final_station_name": "324 - Jauaperi", "arrivals": 225.0, "total": 494.0 }, "geometry": { "type": "Point", "coordinates": [ -46.667877, -23.605705 ] } },
{ "type": "Feature", "properties": { "initial_station_name": "325 - Pintassilgo", "initial_station_latitude": -23.604255658433601, "initial_station_longitude": -46.674272779739503, "departures": 462.0, "final_station_name": "325 - Pintassilgo", "arrivals": 465.0, "total": 927.0 }, "geometry": { "type": "Point", "coordinates": [ -46.674272779739503, -23.604255658433601 ] } },
{ "type": "Feature", "properties": { "initial_station_name": "280 - Rua Cel. Joaquim Ferreira Lobo", "initial_station_latitude": -23.592952935369102, "initial_station_longitude": -46.680932750422699, "departures": 815.0, "final_station_name": "280 - Rua Cel. Joaquim Ferreira Lobo", "arrivals": 817.0, "total": 1632.0 }, "geometry": { "type": "Point", "coordinates": [ -46.680932750422699, -23.592952935369102 ] } },
{ "type": "Feature", "properties": { "initial_station_name": "287 - Largo Padre Péricles", "initial_station_latitude": -23.531274825190799, "initial_station_longitude": -46.663080196937599, "departures": 278.0, "final_station_name": "287 - Largo Padre Péricles", "arrivals": 304.0, "total": 582.0 }, "geometry": { "type": "Point", "coordinates": [ -46.663080196937599, -23.531274825190799 ] } },
{ "type": "Feature", "properties": { "initial_station_name": "20 - CPTM Cidade Jardim", "initial_station_latitude": -23.585020293032599, "initial_station_longitude": -46.6904367894373, "departures": 477.0, "final_station_name": "20 - CPTM Cidade Jardim", "arrivals": 615.0, "total": 1092.0 }, "geometry": { "type": "Point", "coordinates": [ -46.6904367894373, -23.585020293032599 ] } },
{ "type": "Feature", "properties": { "initial_station_name": "215 - E.E. Godofredo Furtado", "initial_station_latitude": -23.559441733226301, "initial_station_longitude": -46.678455640571102, "departures": 306.0, "final_station_name": "215 - E.E. Godofredo Furtado", "arrivals": 258.0, "total": 564.0 }, "geometry": { "type": "Point", "coordinates": [ -46.678455640571102, -23.559441733226301 ] } },
{ "type": "Feature", "properties": { "initial_station_name": "252 - Psicologia", "initial_station_latitude": -23.555199948493598, "initial_station_longitude": -46.7241492890766, "departures": 75.0, "final_station_name": "252 - Psicologia", "arrivals": 73.0, "total": 148.0 }, "geometry": { "type": "Point", "coordinates": [ -46.7241492890766, -23.555199948493598 ] } },
{ "type": "Feature", "properties": { "initial_station_name": "263 - Praça Beethoven", "initial_station_latitude": -23.5470791934803, "initial_station_longitude": -46.716293266970702, "departures": 596.0, "final_station_name": "263 - Praça Beethoven", "arrivals": 705.0, "total": 1301.0 }, "geometry": { "type": "Point", "coordinates": [ -46.716293266970702, -23.5470791934803 ] } },
{ "type": "Feature", "properties": { "initial_station_name": "177 - Av. São João", "initial_station_latitude": -23.542815880136299, "initial_station_longitude": -46.639533994859597, "departures": 857.0, "final_station_name": "177 - Av. São João", "arrivals": 1078.0, "total": 1935.0 }, "geometry": { "type": "Point", "coordinates": [ -46.639533994859597, -23.542815880136299 ] } },
{ "type": "Feature", "properties": { "initial_station_name": "129 - Praça do Pombo", "initial_station_latitude": -23.603478, "initial_station_longitude": -46.664001, "departures": 450.0, "final_station_name": "129 - Praça do Pombo", "arrivals": 446.0, "total": 896.0 }, "geometry": { "type": "Point", "coordinates": [ -46.664001, -23.603478 ] } },
{ "type": "Feature", "properties": { "initial_station_name": "293 - Metrô Ana Rosa", "initial_station_latitude": -23.5808426571183, "initial_station_longitude": -46.6377561803736, "departures": 635.0, "final_station_name": "293 - Metrô Ana Rosa", "arrivals": 441.0, "total": 1076.0 }, "geometry": { "type": "Point", "coordinates": [ -46.6377561803736, -23.5808426571183 ] } },
{ "type": "Feature", "properties": { "initial_station_name": "333 - Rua Flórida 53", "initial_station_latitude": -23.617013824708099, "initial_station_longitude": -46.681397850287198, "departures": 606.0, "final_station_name": "333 - Rua Flórida 53", "arrivals": 602.0, "total": 1208.0 }, "geometry": { "type": "Point", "coordinates": [ -46.681397850287198, -23.617013824708099 ] } },
{ "type": "Feature", "properties": { "initial_station_name": "13 - Esporte Clube Pinheiros Funcionários", "initial_station_latitude": -23.5795958800921, "initial_station_longitude": -46.690637247116499, "departures": 322.0, "final_station_name": "13 - Esporte Clube Pinheiros Funcionários", "arrivals": 575.0, "total": 897.0 }, "geometry": { "type": "Point", "coordinates": [ -46.690637247116499, -23.5795958800921 ] } },
{ "type": "Feature", "properties": { "initial_station_name": "59 - EBAC", "initial_station_latitude": -23.556197368270201, "initial_station_longitude": -46.692670378138601, "departures": 388.0, "final_station_name": "59 - EBAC", "arrivals": 245.0, "total": 633.0 }, "geometry": { "type": "Point", "coordinates": [ -46.692670378138601, -23.556197368270201 ] } },
{ "type": "Feature", "properties": { "initial_station_name": "258 - Odontologia", "initial_station_latitude": -23.5664812, "initial_station_longitude": -46.7380171, "departures": 69.0, "final_station_name": "258 - Odontologia", "arrivals": 28.0, "total": 97.0 }, "geometry": { "type": "Point", "coordinates": [ -46.7380171, -23.5664812 ] } },
{ "type": "Feature", "properties": { "initial_station_name": "259 - Vila Indiana", "initial_station_latitude": -23.568540971141299, "initial_station_longitude": -46.731826636969103, "departures": 149.0, "final_station_name": "259 - Vila Indiana", "arrivals": 72.0, "total": 221.0 }, "geometry": { "type": "Point", "coordinates": [ -46.731826636969103, -23.568540971141299 ] } },
{ "type": "Feature", "properties": { "initial_station_name": "297 - SESC Vila Mariana", "initial_station_latitude": -23.5819406080888, "initial_station_longitude": -46.642893072190901, "departures": 220.0, "final_station_name": "297 - SESC Vila Mariana", "arrivals": 182.0, "total": 402.0 }, "geometry": { "type": "Point", "coordinates": [ -46.642893072190901, -23.5819406080888 ] } },
{ "type": "Feature", "properties": { "initial_station_name": "313 - Metrô AACD Servidor", "initial_station_latitude": -23.5976149401058, "initial_station_longitude": -46.652779826334097, "departures": 352.0, "final_station_name": "313 - Metrô AACD Servidor", "arrivals": 359.0, "total": 711.0 }, "geometry": { "type": "Point", "coordinates": [ -46.652779826334097, -23.5976149401058 ] } },
{ "type": "Feature", "properties": { "initial_station_name": "315 - Metrô Hospital São Paulo", "initial_station_latitude": -23.5981107484271, "initial_station_longitude": -46.646992496193299, "departures": 239.0, "final_station_name": "315 - Metrô Hospital São Paulo", "arrivals": 242.0, "total": 481.0 }, "geometry": { "type": "Point", "coordinates": [ -46.646992496193299, -23.5981107484271 ] } },
{ "type": "Feature", "properties": { "initial_station_name": "163 - Paim", "initial_station_latitude": -23.553199, "initial_station_longitude": -46.650925, "departures": 597.0, "final_station_name": "163 - Paim", "arrivals": 679.0, "total": 1276.0 }, "geometry": { "type": "Point", "coordinates": [ -46.650925, -23.553199 ] } },
{ "type": "Feature", "properties": { "initial_station_name": "48 - Itacema", "initial_station_latitude": -23.579503903397399, "initial_station_longitude": -46.673252200453497, "departures": 442.0, "final_station_name": "48 - Itacema", "arrivals": 437.0, "total": 879.0 }, "geometry": { "type": "Point", "coordinates": [ -46.673252200453497, -23.579503903397399 ] } },
{ "type": "Feature", "properties": { "initial_station_name": "247 - CEPE", "initial_station_latitude": -23.562020824986, "initial_station_longitude": -46.717571644963897, "departures": 106.0, "final_station_name": "247 - CEPE", "arrivals": 113.0, "total": 219.0 }, "geometry": { "type": "Point", "coordinates": [ -46.717571644963897, -23.562020824986 ] } },
{ "type": "Feature", "properties": { "initial_station_name": "23 - CPTM Vila Olímpia", "initial_station_latitude": -23.593917570102199, "initial_station_longitude": -46.691268115860801, "departures": 2187.0, "final_station_name": "23 - CPTM Vila Olímpia", "arrivals": 2006.0, "total": 4193.0 }, "geometry": { "type": "Point", "coordinates": [ -46.691268115860801, -23.593917570102199 ] } },
{ "type": "Feature", "properties": { "initial_station_name": "254 - Terminal de Ônibus USP", "initial_station_latitude": -23.552830871805501, "initial_station_longitude": -46.732224361554898, "departures": 85.0, "final_station_name": "254 - Terminal de Ônibus USP", "arrivals": 89.0, "total": 174.0 }, "geometry": { "type": "Point", "coordinates": [ -46.732224361554898, -23.552830871805501 ] } },
{ "type": "Feature", "properties": { "initial_station_name": "281 - Rua Cel. Joaquim Ferreira Lobo II", "initial_station_latitude": -23.592837, "initial_station_longitude": -46.6804, "departures": 709.0, "final_station_name": "281 - Rua Cel. Joaquim Ferreira Lobo II", "arrivals": 684.0, "total": 1393.0 }, "geometry": { "type": "Point", "coordinates": [ -46.6804, -23.592837 ] } },
{ "type": "Feature", "properties": { "initial_station_name": "216 - João Moura 328", "initial_station_latitude": -23.562141890136299, "initial_station_longitude": -46.676535852107698, "departures": 214.0, "final_station_name": "216 - João Moura 328", "arrivals": 202.0, "total": 416.0 }, "geometry": { "type": "Point", "coordinates": [ -46.676535852107698, -23.562141890136299 ] } },
{ "type": "Feature", "properties": { "initial_station_name": "155 - Rua dos Belgas", "initial_station_latitude": -23.562688592165301, "initial_station_longitude": -46.6469450459497, "departures": 133.0, "final_station_name": "155 - Rua dos Belgas", "arrivals": 109.0, "total": 242.0 }, "geometry": { "type": "Point", "coordinates": [ -46.6469450459497, -23.562688592165301 ] } },
{ "type": "Feature", "properties": { "initial_station_name": "219 - R. Joaquim Antunes", "initial_station_latitude": -23.562560239032599, "initial_station_longitude": -46.682777515321703, "departures": 282.0, "final_station_name": "219 - R. Joaquim Antunes", "arrivals": 256.0, "total": 538.0 }, "geometry": { "type": "Point", "coordinates": [ -46.682777515321703, -23.562560239032599 ] } },
{ "type": "Feature", "properties": { "initial_station_name": "234 - Praça Roquete Pinto", "initial_station_latitude": -23.558777100046498, "initial_station_longitude": -46.699386022988001, "departures": 395.0, "final_station_name": "234 - Praça Roquete Pinto", "arrivals": 530.0, "total": 925.0 }, "geometry": { "type": "Point", "coordinates": [ -46.699386022988001, -23.558777100046498 ] } },
{ "type": "Feature", "properties": { "initial_station_name": "231 - Instituto Tomie Ohtake", "initial_station_latitude": -23.561412677510901, "initial_station_longitude": -46.695370630403303, "departures": 320.0, "final_station_name": "231 - Instituto Tomie Ohtake", "arrivals": 338.0, "total": 658.0 }, "geometry": { "type": "Point", "coordinates": [ -46.695370630403303, -23.561412677510901 ] } },
{ "type": "Feature", "properties": { "initial_station_name": "70 - Alameda Casa Branca", "initial_station_latitude": -23.568939, "initial_station_longitude": -46.6628398, "departures": 323.0, "final_station_name": "70 - Alameda Casa Branca", "arrivals": 391.0, "total": 714.0 }, "geometry": { "type": "Point", "coordinates": [ -46.6628398, -23.568939 ] } },
{ "type": "Feature", "properties": { "initial_station_name": "308 - Rua Cunha", "initial_station_latitude": -23.595045045339599, "initial_station_longitude": -46.637637492199602, "departures": 361.0, "final_station_name": "308 - Rua Cunha", "arrivals": 335.0, "total": 696.0 }, "geometry": { "type": "Point", "coordinates": [ -46.637637492199602, -23.595045045339599 ] } },
{ "type": "Feature", "properties": { "initial_station_name": "63 - Club Athletico Paulistano", "initial_station_latitude": -23.568586922654202, "initial_station_longitude": -46.669187143554701, "departures": 280.0, "final_station_name": "63 - Club Athletico Paulistano", "arrivals": 318.0, "total": 598.0 }, "geometry": { "type": "Point", "coordinates": [ -46.669187143554701, -23.568586922654202 ] } },
{ "type": "Feature", "properties": { "initial_station_name": "107 - Rua Indiana", "initial_station_latitude": -23.607622561559101, "initial_station_longitude": -46.688361448980899, "departures": 358.0, "final_station_name": "107 - Rua Indiana", "arrivals": 391.0, "total": 749.0 }, "geometry": { "type": "Point", "coordinates": [ -46.688361448980899, -23.607622561559101 ] } },
{ "type": "Feature", "properties": { "initial_station_name": "256 - Bandejão Prefeitura", "initial_station_latitude": -23.559735533784199, "initial_station_longitude": -46.7398201170462, "departures": 30.0, "final_station_name": "256 - Bandejão Prefeitura", "arrivals": 24.0, "total": 54.0 }, "geometry": { "type": "Point", "coordinates": [ -46.7398201170462, -23.559735533784199 ] } },
{ "type": "Feature", "properties": { "initial_station_name": "138 - Chilon", "initial_station_latitude": -23.593601485194299, "initial_station_longitude": -46.680072330273099, "departures": 561.0, "final_station_name": "138 - Chilon", "arrivals": 617.0, "total": 1178.0 }, "geometry": { "type": "Point", "coordinates": [ -46.680072330273099, -23.593601485194299 ] } },
{ "type": "Feature", "properties": { "initial_station_name": "235 - CPTM Hebraica Rebouças", "initial_station_latitude": -23.572795, "initial_station_longitude": -46.6980646, "departures": 278.0, "final_station_name": "235 - CPTM Hebraica Rebouças", "arrivals": 338.0, "total": 616.0 }, "geometry": { "type": "Point", "coordinates": [ -46.6980646, -23.572795 ] } },
{ "type": "Feature", "properties": { "initial_station_name": "4 - Rua Diogo Moreira", "initial_station_latitude": -23.569144619409499, "initial_station_longitude": -46.692002578607799, "departures": 626.0, "final_station_name": "4 - Rua Diogo Moreira", "arrivals": 837.0, "total": 1463.0 }, "geometry": { "type": "Point", "coordinates": [ -46.692002578607799, -23.569144619409499 ] } },
{ "type": "Feature", "properties": { "initial_station_name": "47 - Suzano", "initial_station_latitude": -23.578731377639901, "initial_station_longitude": -46.670524777624898, "departures": 379.0, "final_station_name": "47 - Suzano", "arrivals": 403.0, "total": 782.0 }, "geometry": { "type": "Point", "coordinates": [ -46.670524777624898, -23.578731377639901 ] } },
{ "type": "Feature", "properties": { "initial_station_name": "118 - Rua Júlio Diniz", "initial_station_latitude": -23.597797392134598, "initial_station_longitude": -46.684034837630797, "departures": 624.0, "final_station_name": "118 - Rua Júlio Diniz", "arrivals": 625.0, "total": 1249.0 }, "geometry": { "type": "Point", "coordinates": [ -46.684034837630797, -23.597797392134598 ] } },
{ "type": "Feature", "properties": { "initial_station_name": "272 - R. República do Iraque", "initial_station_latitude": -23.623272672450899, "initial_station_longitude": -46.670066721988697, "departures": 346.0, "final_station_name": "272 - R. República do Iraque", "arrivals": 339.0, "total": 685.0 }, "geometry": { "type": "Point", "coordinates": [ -46.670066721988697, -23.623272672450899 ] } },
{ "type": "Feature", "properties": { "initial_station_name": "120 - Rua Gomes de Carvalho", "initial_station_latitude": -23.599773641823599, "initial_station_longitude": -46.679552722233403, "departures": 552.0, "final_station_name": "120 - Rua Gomes de Carvalho", "arrivals": 557.0, "total": 1109.0 }, "geometry": { "type": "Point", "coordinates": [ -46.679552722233403, -23.599773641823599 ] } },
{ "type": "Feature", "properties": { "initial_station_name": "332 - Rua Nova York", "initial_station_latitude": -23.610735122124499, "initial_station_longitude": -46.680459884715503, "departures": 431.0, "final_station_name": "332 - Rua Nova York", "arrivals": 429.0, "total": 860.0 }, "geometry": { "type": "Point", "coordinates": [ -46.680459884715503, -23.610735122124499 ] } },
{ "type": "Feature", "properties": { "initial_station_name": "236 - Praça Ernâni Braga", "initial_station_latitude": -23.556795648154601, "initial_station_longitude": -46.702026421041097, "departures": 262.0, "final_station_name": "236 - Praça Ernâni Braga", "arrivals": 347.0, "total": 609.0 }, "geometry": { "type": "Point", "coordinates": [ -46.702026421041097, -23.556795648154601 ] } },
{ "type": "Feature", "properties": { "initial_station_name": "68 - Praça Nicolau Scarpa", "initial_station_latitude": -23.5703822522674, "initial_station_longitude": -46.664731484733402, "departures": 205.0, "final_station_name": "68 - Praça Nicolau Scarpa", "arrivals": 271.0, "total": 476.0 }, "geometry": { "type": "Point", "coordinates": [ -46.664731484733402, -23.5703822522674 ] } },
{ "type": "Feature", "properties": { "initial_station_name": "346 - Bacaetava", "initial_station_latitude": -23.621392160300498, "initial_station_longitude": -46.694738399098497, "departures": 266.0, "final_station_name": "346 - Bacaetava", "arrivals": 250.0, "total": 516.0 }, "geometry": { "type": "Point", "coordinates": [ -46.694738399098497, -23.621392160300498 ] } },
{ "type": "Feature", "properties": { "initial_station_name": "253 - Pedalusp Biênio", "initial_station_latitude": -23.556095031337399, "initial_station_longitude": -46.732205377158401, "departures": 104.0, "final_station_name": "253 - Pedalusp Biênio", "arrivals": 119.0, "total": 223.0 }, "geometry": { "type": "Point", "coordinates": [ -46.732205377158401, -23.556095031337399 ] } },
{ "type": "Feature", "properties": { "initial_station_name": "56 - Henrique Schaumann", "initial_station_latitude": -23.557886220759201, "initial_station_longitude": -46.6818450911924, "departures": 261.0, "final_station_name": "56 - Henrique Schaumann", "arrivals": 232.0, "total": 493.0 }, "geometry": { "type": "Point", "coordinates": [ -46.6818450911924, -23.557886220759201 ] } },
{ "type": "Feature", "properties": { "initial_station_name": "30 - Bandeira Paulista", "initial_station_latitude": -23.5902983608513, "initial_station_longitude": -46.673776505999101, "departures": 625.0, "final_station_name": "30 - Bandeira Paulista", "arrivals": 640.0, "total": 1265.0 }, "geometry": { "type": "Point", "coordinates": [ -46.673776505999101, -23.5902983608513 ] } },
{ "type": "Feature", "properties": { "initial_station_name": "316 - Alameda das Boninas", "initial_station_latitude": -23.606867844582201, "initial_station_longitude": -46.637974478146504, "departures": 103.0, "final_station_name": "316 - Alameda das Boninas", "arrivals": 73.0, "total": 176.0 }, "geometry": { "type": "Point", "coordinates": [ -46.637974478146504, -23.606867844582201 ] } },
{ "type": "Feature", "properties": { "initial_station_name": "39 - Rua Jesuino Arruda", "initial_station_latitude": -23.581526, "initial_station_longitude": -46.672652, "departures": 235.0, "final_station_name": "39 - Rua Jesuino Arruda", "arrivals": 204.0, "total": 439.0 }, "geometry": { "type": "Point", "coordinates": [ -46.672652, -23.581526 ] } },
{ "type": "Feature", "properties": { "initial_station_name": "245 - P1", "initial_station_latitude": -23.5654280569129, "initial_station_longitude": -46.712991290055598, "departures": 208.0, "final_station_name": "245 - P1", "arrivals": 220.0, "total": 428.0 }, "geometry": { "type": "Point", "coordinates": [ -46.712991290055598, -23.5654280569129 ] } },
{ "type": "Feature", "properties": { "initial_station_name": "358 - Shopping Villa Lobos", "initial_station_latitude": -23.551665284706701, "initial_station_longitude": -46.722562508944002, "departures": 289.0, "final_station_name": "358 - Shopping Villa Lobos", "arrivals": 319.0, "total": 608.0 }, "geometry": { "type": "Point", "coordinates": [ -46.722562508944002, -23.551665284706701 ] } },
{ "type": "Feature", "properties": { "initial_station_name": "77 - Alameda J. Eugênio de Lima", "initial_station_latitude": -23.570389641893001, "initial_station_longitude": -46.655310167744297, "departures": 245.0, "final_station_name": "77 - Alameda J. Eugênio de Lima", "arrivals": 250.0, "total": 495.0 }, "geometry": { "type": "Point", "coordinates": [ -46.655310167744297, -23.570389641893001 ] } },
{ "type": "Feature", "properties": { "initial_station_name": "341 - Pássaros e Flores", "initial_station_latitude": -23.624090234892599, "initial_station_longitude": -46.6869891386348, "departures": 179.0, "final_station_name": "341 - Pássaros e Flores", "arrivals": 177.0, "total": 356.0 }, "geometry": { "type": "Point", "coordinates": [ -46.6869891386348, -23.624090234892599 ] } },
{ "type": "Feature", "properties": { "initial_station_name": "76 - 8° Batalhão", "initial_station_latitude": -23.5742984595697, "initial_station_longitude": -46.654040071630597, "departures": 271.0, "final_station_name": "76 - 8° Batalhão", "arrivals": 386.0, "total": 657.0 }, "geometry": { "type": "Point", "coordinates": [ -46.654040071630597, -23.5742984595697 ] } },
{ "type": "Feature", "properties": { "initial_station_name": "130 - Afonso Braz", "initial_station_latitude": -23.595892091189199, "initial_station_longitude": -46.664178164840202, "departures": 670.0, "final_station_name": "130 - Afonso Braz", "arrivals": 591.0, "total": 1261.0 }, "geometry": { "type": "Point", "coordinates": [ -46.664178164840202, -23.595892091189199 ] } },
{ "type": "Feature", "properties": { "initial_station_name": "321 - Gaivota", "initial_station_latitude": -23.6042547, "initial_station_longitude": -46.668169, "departures": 261.0, "final_station_name": "321 - Gaivota", "arrivals": 227.0, "total": 488.0 }, "geometry": { "type": "Point", "coordinates": [ -46.668169, -23.6042547 ] } },
{ "type": "Feature", "properties": { "initial_station_name": "304 - Gandavo", "initial_station_latitude": -23.591879001716201, "initial_station_longitude": -46.642224065060198, "departures": 497.0, "final_station_name": "304 - Gandavo", "arrivals": 497.0, "total": 994.0 }, "geometry": { "type": "Point", "coordinates": [ -46.642224065060198, -23.591879001716201 ] } },
{ "type": "Feature", "properties": { "initial_station_name": "217 - Alameda Gabriel", "initial_station_latitude": -23.565164597098502, "initial_station_longitude": -46.676610774379597, "departures": 204.0, "final_station_name": "217 - Alameda Gabriel", "arrivals": 225.0, "total": 429.0 }, "geometry": { "type": "Point", "coordinates": [ -46.676610774379597, -23.565164597098502 ] } },
{ "type": "Feature", "properties": { "initial_station_name": "261 - Praça Pero Vaz de Caminha", "initial_station_latitude": -23.551066705495298, "initial_station_longitude": -46.711841637644902, "departures": 204.0, "final_station_name": "261 - Praça Pero Vaz de Caminha", "arrivals": 234.0, "total": 438.0 }, "geometry": { "type": "Point", "coordinates": [ -46.711841637644902, -23.551066705495298 ] } },
{ "type": "Feature", "properties": { "initial_station_name": "199 - Conselheiro Brotero", "initial_station_latitude": -23.535117333996499, "initial_station_longitude": -46.660190374255997, "departures": 118.0, "final_station_name": "199 - Conselheiro Brotero", "arrivals": 148.0, "total": 266.0 }, "geometry": { "type": "Point", "coordinates": [ -46.660190374255997, -23.535117333996499 ] } },
{ "type": "Feature", "properties": { "initial_station_name": "260 - P3", "initial_station_latitude": -23.5682352949967, "initial_station_longitude": -46.740714932695802, "departures": 41.0, "final_station_name": "260 - P3", "arrivals": 46.0, "total": 87.0 }, "geometry": { "type": "Point", "coordinates": [ -46.740714932695802, -23.5682352949967 ] } },
{ "type": "Feature", "properties": { "initial_station_name": "113 - Rua Andrade Pertence", "initial_station_latitude": -23.603901073505799, "initial_station_longitude": -46.676989168777801, "departures": 234.0, "final_station_name": "113 - Rua Andrade Pertence", "arrivals": 226.0, "total": 460.0 }, "geometry": { "type": "Point", "coordinates": [ -46.676989168777801, -23.603901073505799 ] } },
{ "type": "Feature", "properties": { "initial_station_name": "80 - Praça Alexandre de Gusmão", "initial_station_latitude": -23.564517706306098, "initial_station_longitude": -46.656966242386098, "departures": 182.0, "final_station_name": "80 - Praça Alexandre de Gusmão", "arrivals": 147.0, "total": 329.0 }, "geometry": { "type": "Point", "coordinates": [ -46.656966242386098, -23.564517706306098 ] } },
{ "type": "Feature", "properties": { "initial_station_name": "41 - CPTM Santo Amaro", "initial_station_latitude": -23.655565, "initial_station_longitude": -46.718098, "departures": 105.0, "final_station_name": "41 - CPTM Santo Amaro", "arrivals": 111.0, "total": 216.0 }, "geometry": { "type": "Point", "coordinates": [ -46.718098, -23.655565 ] } },
{ "type": "Feature", "properties": { "initial_station_name": "5 - Chicão Vive", "initial_station_latitude": -23.569121, "initial_station_longitude": -46.69747, "departures": 492.0, "final_station_name": "5 - Chicão Vive", "arrivals": 470.0, "total": 962.0 }, "geometry": { "type": "Point", "coordinates": [ -46.69747, -23.569121 ] } },
{ "type": "Feature", "properties": { "initial_station_name": "58 - R. Lisboa", "initial_station_latitude": -23.555263346569301, "initial_station_longitude": -46.682680576561502, "departures": 127.0, "final_station_name": "58 - R. Lisboa", "arrivals": 87.0, "total": 214.0 }, "geometry": { "type": "Point", "coordinates": [ -46.682680576561502, -23.555263346569301 ] } },
{ "type": "Feature", "properties": { "initial_station_name": "211 - Capote Valente", "initial_station_latitude": -23.560824, "initial_station_longitude": -46.673303, "departures": 409.0, "final_station_name": "211 - Capote Valente", "arrivals": 366.0, "total": 775.0 }, "geometry": { "type": "Point", "coordinates": [ -46.673303, -23.560824 ] } },
{ "type": "Feature", "properties": { "initial_station_name": "257 - Hospital Universitário", "initial_station_latitude": -23.563675157567001, "initial_station_longitude": -46.741520108018797, "departures": 63.0, "final_station_name": "257 - Hospital Universitário", "arrivals": 37.0, "total": 100.0 }, "geometry": { "type": "Point", "coordinates": [ -46.741520108018797, -23.563675157567001 ] } },
{ "type": "Feature", "properties": { "initial_station_name": "205 - Alameda Itú 1571", "initial_station_latitude": -23.558039890308098, "initial_station_longitude": -46.666151389247901, "departures": 201.0, "final_station_name": "205 - Alameda Itú 1571", "arrivals": 179.0, "total": 380.0 }, "geometry": { "type": "Point", "coordinates": [ -46.666151389247901, -23.558039890308098 ] } },
{ "type": "Feature", "properties": { "initial_station_name": "250 - Bandejão Química", "initial_station_latitude": -23.5650987972422, "initial_station_longitude": -46.724342006936702, "departures": 90.0, "final_station_name": "250 - Bandejão Química", "arrivals": 75.0, "total": 165.0 }, "geometry": { "type": "Point", "coordinates": [ -46.724342006936702, -23.5650987972422 ] } },
{ "type": "Feature", "properties": { "initial_station_name": "242 - Letras", "initial_station_latitude": -23.5626317229985, "initial_station_longitude": -46.726172036521199, "departures": 44.0, "final_station_name": "242 - Letras", "arrivals": 29.0, "total": 73.0 }, "geometry": { "type": "Point", "coordinates": [ -46.726172036521199, -23.5626317229985 ] } },
{ "type": "Feature", "properties": { "initial_station_name": "255 - Estacao Tiradentes - 275", "initial_station_latitude": -23.5833323, "initial_station_longitude": -46.4086061, "departures": 56.0, "final_station_name": "255 - Estacao Tiradentes - 275", "arrivals": 56.0, "total": 112.0 }, "geometry": { "type": "Point", "coordinates": [ -46.4086061, -23.5833323 ] } },
{ "type": "Feature", "properties": { "initial_station_name": "house", "initial_station_latitude": -4.2914391, "initial_station_longitude": -19.6469511, "departures": 1.0, "final_station_name": "0", "arrivals": 0.0, "total": 1.0 }, "geometry": { "type": "Point", "coordinates": [ -19.6469511, -4.2914391 ] } }
]
}
